Precinct by Precinct Overview,,,,,FINAL OFFICIAL
2020 Presidential Election,,,,,"BOONE COUNTY, MISSOURI"
"November 03, 2020",,,,,
,,STATISTICS,,,
,,Registered Voters - Total,Ballots Cast - Total,Voter Turnout - Total,
,1A,"1,242",337,27.13%,
,1B,0,0,0%,
,1C,"1,531",555,36.25%,
,1D,"1,547",510,32.97%,
,1E&1I&6B&6F,0,0,0%,
,1F&1J&1L,"1,842",716,38.87%,
,1G,833,371,44.54%,
,1K&2K,"2,044",855,41.83%,
,1M,"2,357",666,28.26%,
,2A,"1,195",577,48.28%,
,2B,"1,077",546,50.7%,
,2C&3G&3L&45,"1,936",883,45.61%,
,2D,"1,847",936,50.68%,
,2F&2G,"1,910",890,46.6%,
,2H,"1,798",824,45.83%,
,2I,"1,780",950,53.37%,
,2J,"1,082",429,39.65%,
,2L&20,"1,254",586,46.73%,
,STATISTICS,,
,Registered Voters - Total,Ballots Cast - Total,Voter Turnout - Total
3A,"2,211","1,005",45.45%
3B,"1,424",508,35.67%
3C,"1,833",778,42.44%
3D,"2,165",755,34.87%
3E&3H&3M,"2,761","1,230",44.55%
3F&3N,"2,436","1,159",47.58%
3I&3J,"1,262",669,53.01%
4A&4J,"1,846",893,48.37%
4B,"1,688",851,50.41%
4C,"1,107",405,36.59%
4D,838,316,37.71%
4E,"1,804",757,41.96%
4F&4I&5A,"1,789",577,32.25%
4G&37,"1,383",661,47.79%
4H&4N,"1,542",760,49.29%
4K,"1,192",590,49.5%
4L,"1,454",676,46.49%
4M,"1,564",711,45.46%
,STATISTICS,,
,Registered Voters - Total,Ballots Cast - Total,Voter Turnout - Total
5B,"1,075",639,59.44%
5C&44,"1,686",672,39.86%
5D,"1,537",676,43.98%
5E&5P,"2,031","1,014",49.93%
5F,"1,925",834,43.32%
5G&5I&5M,"1,821",734,40.31%
5H,"1,304",582,44.63%
5J,"1,848",771,41.72%
5K,"1,530",899,58.76%
5N&36,"2,087","1,040",49.83%
6A,"2,014",641,31.83%
6C&6H,"2,132","1,034",48.5%
6D&28,"2,070",690,33.33%
6E&6M,"2,297",900,39.18%
6G,"2,123",815,38.39%
6I&6L,"1,442",442,30.65%
6J&34,"2,886","1,444",50.03%
6K,"1,231",427,34.69%
,STATISTICS,,
,Registered Voters - Total,Ballots Cast - Total,Voter Turnout - Total
07,"2,071","1,299",62.72%
08,"1,663","1,076",64.7%
09&11,"1,814","1,199",66.1%
10&12,"1,843","1,106",60.01%
15&40,"2,189","1,111",50.75%
16,"1,509","1,025",67.93%
17,"1,759",961,54.63%
18&19,"1,299",782,60.2%
21,"1,359",668,49.15%
22,"1,612",779,48.33%
23&24,"2,275","1,081",47.52%
25,717,398,55.51%
26,"1,593",775,48.65%
27,"1,799",942,52.36%
29,994,478,48.09%
30,"1,667","1,029",61.73%
31&42,"3,251","1,905",58.6%
32&35&43,"1,949","1,217",62.44%
,,,STATISTICS,,,,,,,,,,,,,,,
,,,Registered Voters - Total,,Ballots Cast - Total,,Voter Turnout - Total,,,,,,,,,,,
,33,,"1,006",,573,,56.96%,,,,,,,,,,,
,38,,"1,693",,"1,013",,59.83%,,,,,,,,,,,
,39,,"1,707",,"1,088",,63.74%,,,,,,,,,,,
,41,,"1,399",,684,,48.89%,,,,,,,,,,,
,ABSENTEE INTRASTATE,,0,,12,,0%,,,,,,,,,,,
,ABSENTEE INTERSTATE,,0,,3,,0%,,,,,,,,,,,
,ABSENTEE,,0,,"28,664",,0%,,,,,,,,,,,
,FEDERAL STATE,,0,,7,,0%,,,,,,,,,,,
,CENTRAL,,676,,"1,076",,159.17%,,,,,,,,,,,
,CENTRAL 2,,"4,565",,"2,700",,59.15%,,,,,,,,,,,
,Totals,,"131,022",,"91,837",,,,,,,,,,,,,
,,For President and Vice President,,,,,,,,,,,,,,For Governor,,
,,VOTE FOR 1,,,,,,,,,,,,,,VOTE FOR 1,,
,,80 of 82 Precincts Reporting,,,,,,,,,,,,,,79 of 81 Precincts Reporting,,
,,REP DONALD J. TRUMP MICHAEL R. PENCE,,DEM JOSEPH R. BIDEN KAMALA D. HARRIS,,LIB JO JORGENSEN JEREMY (SPIKE) COHEN,,GRN HOWIE HAWKINS ANGELA NICOLE WALKER,CON DON BLANKENSHIP WILLIAM MOHR,Write-in Totals,"Write-in: Jade Simmons, Claudeliah J. Roze","Write-in: Brian Carroll, Amar Patel","Write-in: Gloria LaRiva, Sunil Freeman","Write-in: Kasey Wells, Rachel Wells",Write-in: Not Assigned,REP MIKE PARSON,DEM NICOLE GALLOWAY,LIB RIK COMBS
1A,,52,,269,,9,,6,0,0,0,0,0,0,0,55,266,7
,For President and Vice President,,,,,,,,,,,For Governor,,
,VOTE FOR 1,,,,,,,,,,,VOTE FOR 1,,
,80 of 82 Precincts Reporting,,,,,,,,,,,79 of 81 Precincts Reporting,,
,REP DONALD J. TRUMP MICHAEL R. PENCE,DEM JOSEPH R. BIDEN KAMALA D. HARRIS,LIB JO JORGENSEN JEREMY (SPIKE) COHEN,GRN HOWIE HAWKINS ANGELA NICOLE WALKER,CON DON BLANKENSHIP WILLIAM MOHR,Write-in Totals,"Write-in: Jade Simmons, Claudeliah J. Roze","Write-in: Brian Carroll, Amar Patel","Write-in: Gloria LaRiva, Sunil Freeman","Write-in: Kasey Wells, Rachel Wells",Write-in: Not Assigned,REP MIKE PARSON,DEM NICOLE GALLOWAY,LIB RIK COMBS
1B,0,0,0,0,0,0,0,0,0,0,0,0,0,0
1C,88,444,14,5,1,2,0,1,0,0,1,92,444,14
1D,64,425,12,5,1,0,0,0,0,0,0,70,411,12
1E&1I&6B&6F,0,0,0,0,0,0,0,0,0,0,0,0,0,0
1F&1J&1L,168,515,23,5,1,0,0,0,0,0,0,180,503,16
1G,80,266,14,3,1,3,0,1,0,0,2,99,255,6
1K&2K,426,406,15,2,0,0,0,0,0,0,0,444,386,18
1M,211,438,10,1,1,4,0,0,0,0,4,218,410,5
2A,201,352,14,4,0,0,0,0,0,0,0,207,348,9
2B,211,302,27,5,0,0,0,0,0,0,0,229,290,16
2C&3G&3L&45,375,469,24,6,7,2,0,1,0,0,1,385,447,28
2D,395,492,37,4,3,4,0,0,0,0,4,414,470,32
2F&2G,395,469,20,3,0,1,0,0,0,0,1,404,451,17
2H,308,483,21,4,0,1,0,0,0,0,1,324,466,17
2I,426,489,26,1,0,1,0,0,0,0,1,442,473,22
2J,148,256,19,2,0,1,0,1,0,0,0,145,256,16
,For President and Vice President,,,,,,,,,,,For Governor,,
,VOTE FOR 1,,,,,,,,,,,VOTE FOR 1,,
,80 of 82 Precincts Reporting,,,,,,,,,,,79 of 81 Precincts Reporting,,
,REP DONALD J. TRUMP MICHAEL R. PENCE,DEM JOSEPH R. BIDEN KAMALA D. HARRIS,LIB JO JORGENSEN JEREMY (SPIKE) COHEN,GRN HOWIE HAWKINS ANGELA NICOLE WALKER,CON DON BLANKENSHIP WILLIAM MOHR,Write-in Totals,"Write-in: Jade Simmons, Claudeliah J. Roze","Write-in: Brian Carroll, Amar Patel","Write-in: Gloria LaRiva, Sunil Freeman","Write-in: Kasey Wells, Rachel Wells",Write-in: Not Assigned,REP MIKE PARSON,DEM NICOLE GALLOWAY,LIB RIK COMBS
2L&20,367,199,17,0,0,0,0,0,0,0,0,377,184,14
3A,441,511,37,5,2,4,0,0,0,0,4,437,514,35
3B,140,340,23,4,0,0,0,0,0,0,0,142,338,16
3C,254,483,28,4,2,0,0,0,0,0,0,272,460,21
3D,165,565,13,5,1,3,0,1,0,0,2,170,552,18
3E&3H&3M,526,647,38,9,2,5,0,0,0,0,5,557,612,31
3F&3N,488,616,40,7,2,1,0,1,0,0,0,508,595,35
3I&3J,321,319,24,1,2,0,0,0,0,0,0,331,307,21
4A&4J,361,489,23,6,1,5,0,2,0,0,3,385,480,15
4B,439,380,20,0,0,4,0,0,0,0,4,443,371,23
4C,143,249,9,1,0,1,0,1,0,0,0,141,244,9
4D,64,241,6,1,1,1,0,0,0,0,1,74,230,6
4E,242,480,20,4,1,4,0,1,0,0,3,280,458,9
4F&4I&5A,164,396,10,3,0,3,0,0,1,0,2,175,394,3
4G&37,277,361,17,4,0,1,0,0,0,0,1,297,349,9
4H&4N,322,414,13,1,2,2,0,0,0,0,2,342,401,10
,For President and Vice President,,,,,,,,,,,For Governor,,
,VOTE FOR 1,,,,,,,,,,,VOTE FOR 1,,
,80 of 82 Precincts Reporting,,,,,,,,,,,79 of 81 Precincts Reporting,,
,REP DONALD J. TRUMP MICHAEL R. PENCE,DEM JOSEPH R. BIDEN KAMALA D. HARRIS,LIB JO JORGENSEN JEREMY (SPIKE) COHEN,GRN HOWIE HAWKINS ANGELA NICOLE WALKER,CON DON BLANKENSHIP WILLIAM MOHR,Write-in Totals,"Write-in: Jade Simmons, Claudeliah J. Roze","Write-in: Brian Carroll, Amar Patel","Write-in: Gloria LaRiva, Sunil Freeman","Write-in: Kasey Wells, Rachel Wells",Write-in: Not Assigned,REP MIKE PARSON,DEM NICOLE GALLOWAY,LIB RIK COMBS
4K,331,234,10,1,3,7,0,0,0,0,7,336,233,16
4L,290,358,22,1,0,3,0,0,0,0,3,314,340,14
4M,378,314,12,3,1,2,0,0,0,0,2,389,299,11
5B,346,271,10,5,1,1,0,0,0,0,1,379,250,3
5C&44,265,377,19,4,3,1,0,0,0,0,1,287,358,17
5D,318,329,21,0,0,3,0,1,0,0,2,326,326,12
5E&5P,543,440,22,1,0,1,0,0,0,0,1,587,409,10
5F,398,399,25,2,1,3,0,2,0,0,1,437,372,11
5G&5I&5M,406,289,22,4,1,5,0,0,0,0,5,437,275,9
5H,243,305,18,3,1,6,0,3,0,0,3,257,301,14
5J,246,494,16,6,3,1,0,0,0,0,1,259,481,16
5K,521,352,15,2,0,2,0,0,0,0,2,565,319,7
5N&36,545,446,33,3,3,4,0,1,0,0,3,583,422,19
6A,196,421,11,5,1,7,0,0,0,0,7,197,401,14
6C&6H,363,618,30,7,1,6,0,2,0,0,4,383,607,25
6D&28,346,322,15,2,1,1,0,0,0,0,1,374,296,14
,For President and Vice President,,,,,,,,,,,For Governor,,
,VOTE FOR 1,,,,,,,,,,,VOTE FOR 1,,
,80 of 82 Precincts Reporting,,,,,,,,,,,79 of 81 Precincts Reporting,,
,REP DONALD J. TRUMP MICHAEL R. PENCE,DEM JOSEPH R. BIDEN KAMALA D. HARRIS,LIB JO JORGENSEN JEREMY (SPIKE) COHEN,GRN HOWIE HAWKINS ANGELA NICOLE WALKER,CON DON BLANKENSHIP WILLIAM MOHR,Write-in Totals,"Write-in: Jade Simmons, Claudeliah J. Roze","Write-in: Brian Carroll, Amar Patel","Write-in: Gloria LaRiva, Sunil Freeman","Write-in: Kasey Wells, Rachel Wells",Write-in: Not Assigned,REP MIKE PARSON,DEM NICOLE GALLOWAY,LIB RIK COMBS
6E&6M,326,532,26,7,2,4,0,1,0,0,3,346,526,15
6G,230,548,23,5,2,7,0,0,0,0,7,252,525,21
6I&6L,111,315,11,4,0,1,0,0,0,0,1,124,294,13
6J&34,821,575,34,2,2,5,0,1,0,0,4,856,545,25
6K,128,281,13,2,1,0,0,0,0,0,0,144,262,13
07,987,272,27,2,3,0,0,0,0,0,0,982,271,32
08,825,220,19,0,1,2,0,0,0,0,2,832,206,23
09&11,970,202,19,1,3,0,0,0,0,0,0,959,204,26
10&12,825,242,27,5,4,0,0,0,0,0,0,800,252,40
15&40,738,337,25,4,1,0,0,0,0,0,0,731,319,40
16,772,215,32,2,1,1,0,0,0,0,1,770,211,32
17,630,296,22,5,0,3,0,1,0,0,2,635,285,24
18&19,541,217,17,1,0,3,0,0,0,0,3,550,206,19
21,256,377,25,4,2,2,0,2,0,0,0,274,374,13
22,421,328,26,2,0,0,0,0,0,0,0,407,338,22
23&24,676,367,24,3,2,3,0,0,0,0,3,680,351,34
,For President and Vice President,,,,,,,,,,,For Governor,,
,VOTE FOR 1,,,,,,,,,,,VOTE FOR 1,,
,80 of 82 Precincts Reporting,,,,,,,,,,,79 of 81 Precincts Reporting,,
,REP DONALD J. TRUMP MICHAEL R. PENCE,DEM JOSEPH R. BIDEN KAMALA D. HARRIS,LIB JO JORGENSEN JEREMY (SPIKE) COHEN,GRN HOWIE HAWKINS ANGELA NICOLE WALKER,CON DON BLANKENSHIP WILLIAM MOHR,Write-in Totals,"Write-in: Jade Simmons, Claudeliah J. Roze","Write-in: Brian Carroll, Amar Patel","Write-in: Gloria LaRiva, Sunil Freeman","Write-in: Kasey Wells, Rachel Wells",Write-in: Not Assigned,REP MIKE PARSON,DEM NICOLE GALLOWAY,LIB RIK COMBS
25,272,114,7,1,0,2,0,0,0,0,2,283,103,8
26,426,312,27,2,1,2,0,1,0,0,1,463,283,16
27,527,385,22,0,0,0,0,0,0,0,0,548,373,13
29,289,170,12,2,1,2,0,1,0,0,1,295,166,13
30,715,277,28,2,5,1,0,0,0,0,1,720,269,26
31&42,"1,412",443,31,3,5,3,0,1,0,0,2,"1,410",424,46
32&35&43,861,306,34,3,3,2,0,0,0,0,2,906,272,27
33,278,272,17,2,4,0,0,0,0,0,0,294,254,15
38,627,339,30,6,2,3,0,1,0,0,2,643,332,28
39,871,185,22,2,1,0,0,0,0,0,0,850,199,24
41,359,297,22,0,0,0,0,0,0,0,0,363,294,17
ABSENTEE INTRASTATE,5,5,2,0,0,0,0,0,0,0,0,6,4,2
ABSENTEE INTERSTATE,0,3,0,0,0,0,0,0,0,0,0,0,0,0
ABSENTEE,"7,631","20,379",326,60,40,34,0,9,0,0,25,"8,402","19,528",292
FEDERAL STATE,3,4,0,0,0,0,0,0,0,0,0,3,2,0
CENTRAL,320,691,42,9,2,3,0,0,0,0,3,334,678,28
,For President and Vice President,,,,,,,,,,,For Governor,,
,VOTE FOR 1,,,,,,,,,,,VOTE FOR 1,,
,80 of 82 Precincts Reporting,,,,,,,,,,,79 of 81 Precincts Reporting,,
,REP DONALD J. TRUMP MICHAEL R. PENCE,DEM JOSEPH R. BIDEN KAMALA D. HARRIS,LIB JO JORGENSEN JEREMY (SPIKE) COHEN,GRN HOWIE HAWKINS ANGELA NICOLE WALKER,CON DON BLANKENSHIP WILLIAM MOHR,Write-in Totals,"Write-in: Jade Simmons, Claudeliah J. Roze","Write-in: Brian Carroll, Amar Patel","Write-in: Gloria LaRiva, Sunil Freeman","Write-in: Kasey Wells, Rachel Wells",Write-in: Not Assigned,REP MIKE PARSON,DEM NICOLE GALLOWAY,LIB RIK COMBS
CENTRAL 2,796,"1,824",52,11,1,7,0,0,0,0,7,867,"1,652",42
Totals,"38,646","50,064","1,968",312,140,196,0,37,1,0,158,"40,478","48,056","1,711"
,For Governor,,,,,
,VOTE FOR 1,,,,,
,79 of 81 Precincts Reporting,,,,,
,GRN JEROME HOWARD BAUER,Write-in Totals,Write-in: Arnie C. AC Dienoff,Write-in: Theo (Ted) Brown Sr,Write-in: Martin Lindstedt,Write-in: Not Assigned
1A,4,0,0,0,0,0
1B,0,0,0,0,0,0
1C,2,0,0,0,0,0
1D,9,0,0,0,0,0
1E&1I&6B&6F,0,0,0,0,0,0
1F&1J&1L,8,0,0,0,0,0
1G,5,0,0,0,0,0
1K&2K,2,0,0,0,0,0
1M,7,0,0,0,0,0
2A,8,0,0,0,0,0
2B,6,0,0,0,0,0
2C&3G&3L&45,9,0,0,0,0,0
2D,6,0,0,0,0,0
2F&2G,9,2,0,0,0,2
2H,6,2,0,0,0,2
2I,3,1,0,0,0,1
,For Governor,,,,,
,VOTE FOR 1,,,,,
,79 of 81 Precincts Reporting,,,,,
,GRN JEROME HOWARD BAUER,Write-in Totals,Write-in: Arnie C. AC Dienoff,Write-in: Theo (Ted) Brown Sr,Write-in: Martin Lindstedt,Write-in: Not Assigned
2J,6,0,0,0,0,0
2L&20,6,0,0,0,0,0
3A,8,0,0,0,0,0
3B,4,0,0,0,0,0
3C,10,0,0,0,0,0
3D,7,0,0,0,0,0
3E&3H&3M,10,0,0,0,0,0
3F&3N,5,0,0,0,0,0
3I&3J,5,0,0,0,0,0
4A&4J,3,0,0,0,0,0
4B,4,0,0,0,0,0
4C,4,0,0,0,0,0
4D,0,0,0,0,0,0
4E,4,0,0,0,0,0
4F&4I&5A,1,0,0,0,0,0
4G&37,4,0,0,0,0,0
,For Governor,,,,,
,VOTE FOR 1,,,,,
,79 of 81 Precincts Reporting,,,,,
,GRN JEROME HOWARD BAUER,Write-in Totals,Write-in: Arnie C. AC Dienoff,Write-in: Theo (Ted) Brown Sr,Write-in: Martin Lindstedt,Write-in: Not Assigned
4H&4N,2,0,0,0,0,0
4K,1,0,0,0,0,0
4L,2,0,0,0,0,0
4M,2,1,0,0,0,1
5B,3,0,0,0,0,0
5C&44,4,0,0,0,0,0
5D,0,0,0,0,0,0
5E&5P,2,0,0,0,0,0
5F,3,0,0,0,0,0
5G&5I&5M,1,0,0,0,0,0
5H,5,0,0,0,0,0
5J,7,0,0,0,0,0
5K,2,0,0,0,0,0
5N&36,3,0,0,0,0,0
6A,8,2,0,0,0,2
6C&6H,5,0,0,0,0,0
,For Governor,,,,,
,VOTE FOR 1,,,,,
,79 of 81 Precincts Reporting,,,,,
,GRN JEROME HOWARD BAUER,Write-in Totals,Write-in: Arnie C. AC Dienoff,Write-in: Theo (Ted) Brown Sr,Write-in: Martin Lindstedt,Write-in: Not Assigned
6D&28,3,0,0,0,0,0
6E&6M,4,0,0,0,0,0
6G,5,0,0,0,0,0
6I&6L,5,0,0,0,0,0
6J&34,5,0,0,0,0,0
6K,1,0,0,0,0,0
07,5,0,0,0,0,0
08,3,1,0,0,0,1
09&11,5,0,0,0,0,0
10&12,11,0,0,0,0,0
15&40,6,0,0,0,0,0
16,3,0,0,0,0,0
17,5,0,0,0,0,0
18&19,0,0,0,0,0,0
21,3,0,0,0,0,0
22,3,0,0,0,0,0
,For Governor,,,,,
,VOTE FOR 1,,,,,
,79 of 81 Precincts Reporting,,,,,
,GRN JEROME HOWARD BAUER,Write-in Totals,Write-in: Arnie C. AC Dienoff,Write-in: Theo (Ted) Brown Sr,Write-in: Martin Lindstedt,Write-in: Not Assigned
23&24,4,0,0,0,0,0
25,0,1,0,0,0,1
26,5,0,0,0,0,0
27,0,0,0,0,0,0
29,3,0,0,0,0,0
30,5,0,0,0,0,0
31&42,6,0,0,0,0,0
32&35&43,4,0,0,0,0,0
33,4,0,0,0,0,0
38,3,1,0,0,0,1
39,6,0,0,0,0,0
41,6,0,0,0,0,0
ABSENTEE INTRASTATE,0,0,0,0,0,0
ABSENTEE INTERSTATE,0,0,0,0,0,0
ABSENTEE,105,1,0,0,0,1
FEDERAL STATE,1,0,0,0,0,0
,For Governor,,,,,
,VOTE FOR 1,,,,,
,79 of 81 Precincts Reporting,,,,,
,GRN JEROME HOWARD BAUER,Write-in Totals,Write-in: Arnie C. AC Dienoff,Write-in: Theo (Ted) Brown Sr,Write-in: Martin Lindstedt,Write-in: Not Assigned
CENTRAL,9,0,0,0,0,0
CENTRAL 2,17,0,0,0,0,0
Totals,460,12,0,0,0,12
,For Lieutenant Governor,,,,,,,For Secretary of State,,,,,,
,VOTE FOR 1,,,,,,,VOTE FOR 1,,,,,,
,79 of 81 Precincts Reporting,,,,,,,79 of 81 Precincts Reporting,,,,,,
,REP MIKE KEHOE,DEM ALISSIA CANADY,LIB BILL SLANTZ,GRN KELLEY DRAGOO,Write-in Totals,Write-in: Jeremy Gundel,Write-in: Not Assigned,REP JOHN R. (JAY) ASHCROFT,DEM YINKA FALETI,LIB CARL HERMAN FREESE,GRN PAUL LEHMANN,CON PAUL VENABLE,Write-in Totals,Write-in: Not Assigned
1A,60,245,12,8,0,0,0,56,246,14,9,3,0,0
1B,0,0,0,0,0,0,0,0,0,0,0,0,0,0
1C,103,403,21,8,0,0,0,102,402,16,14,2,0,0
1D,85,393,11,11,0,0,0,71,397,8,14,5,0,0
1E&1I&6B&6F,0,0,0,0,0,0,0,0,0,0,0,0,0,0
1F&1J&1L,183,466,28,15,0,0,0,186,465,25,9,8,0,0
1G,96,240,10,10,0,0,0,86,243,13,12,1,0,0
1K&2K,460,351,16,3,0,0,0,464,338,15,6,3,0,0
1M,211,380,13,7,0,0,0,213,376,14,6,4,0,0
2A,220,313,13,15,0,0,0,229,313,12,8,5,0,0
2B,228,266,25,5,0,0,0,217,271,22,11,3,0,0
2C&3G&3L&45,410,408,28,12,0,0,0,401,404,30,10,14,0,0
2D,434,425,27,10,0,0,0,421,427,35,8,5,0,0
2F&2G,396,430,28,10,1,0,1,411,410,28,6,8,0,0
2H,333,439,23,8,1,0,1,339,422,29,8,1,1,1
2I,463,426,22,7,0,0,0,474,395,28,8,6,0,0
,For Lieutenant Governor,,,,,,,For Secretary of State,,,,,,
,VOTE FOR 1,,,,,,,VOTE FOR 1,,,,,,
,79 of 81 Precincts Reporting,,,,,,,79 of 81 Precincts Reporting,,,,,,
,REP MIKE KEHOE,DEM ALISSIA CANADY,LIB BILL SLANTZ,GRN KELLEY DRAGOO,Write-in Totals,Write-in: Jeremy Gundel,Write-in: Not Assigned,REP JOHN R. (JAY) ASHCROFT,DEM YINKA FALETI,LIB CARL HERMAN FREESE,GRN PAUL LEHMANN,CON PAUL VENABLE,Write-in Totals,Write-in: Not Assigned
2J,164,230,15,4,0,0,0,158,231,20,6,1,0,0
2L&20,388,164,12,9,0,0,0,380,167,18,7,3,0,0
3A,469,447,46,16,0,0,0,471,441,37,15,4,0,0
3B,146,315,14,13,0,0,0,154,311,14,7,2,0,0
3C,278,446,23,8,0,0,0,281,429,27,9,3,0,0
3D,180,514,22,15,0,0,0,172,512,22,19,1,0,0
3E&3H&3M,572,550,38,17,0,0,0,577,532,42,13,6,0,0
3F&3N,518,548,44,9,0,0,0,527,532,40,10,8,0,0
3I&3J,350,273,26,8,0,0,0,352,268,18,8,4,0,0
4A&4J,405,442,17,9,0,0,0,405,433,21,5,4,0,0
4B,470,322,17,9,0,0,0,482,312,10,4,3,0,0
4C,154,220,11,8,0,0,0,149,229,13,2,0,0,0
4D,76,212,10,6,0,0,0,77,212,10,3,1,0,0
4E,298,415,22,7,0,0,0,288,430,18,5,1,0,0
4F&4I&5A,194,349,8,5,0,0,0,182,354,10,4,3,0,0
4G&37,310,319,16,5,0,0,0,322,306,16,6,1,0,0
,For Lieutenant Governor,,,,,,,For Secretary of State,,,,,,
,VOTE FOR 1,,,,,,,VOTE FOR 1,,,,,,
,79 of 81 Precincts Reporting,,,,,,,79 of 81 Precincts Reporting,,,,,,
,REP MIKE KEHOE,DEM ALISSIA CANADY,LIB BILL SLANTZ,GRN KELLEY DRAGOO,Write-in Totals,Write-in: Jeremy Gundel,Write-in: Not Assigned,REP JOHN R. (JAY) ASHCROFT,DEM YINKA FALETI,LIB CARL HERMAN FREESE,GRN PAUL LEHMANN,CON PAUL VENABLE,Write-in Totals,Write-in: Not Assigned
4H&4N,372,357,12,0,0,0,0,374,353,11,2,4,0,0
4K,354,204,15,0,1,0,1,370,188,12,3,2,1,1
4L,339,301,17,1,0,0,0,343,293,18,0,0,1,1
4M,416,258,14,3,1,0,1,403,271,16,3,1,1,1
5B,393,214,7,5,1,0,1,397,209,8,3,5,1,1
5C&44,295,330,21,11,0,0,0,296,327,19,8,2,0,0
5D,337,293,16,4,0,0,0,339,287,11,6,3,0,0
5E&5P,632,334,20,1,0,0,0,617,339,25,1,1,0,0
5F,457,323,19,7,0,0,0,440,338,17,6,2,0,0
5G&5I&5M,469,222,13,3,0,0,0,450,237,16,2,3,0,0
5H,278,266,12,9,0,0,0,275,265,14,9,1,0,0
5J,273,434,21,12,0,0,0,278,423,26,10,4,1,1
5K,603,272,5,5,1,0,1,587,282,9,4,3,0,0
5N&36,607,359,26,6,0,0,0,606,352,24,7,6,0,0
6A,189,374,23,13,0,0,0,195,372,19,6,0,0,0
6C&6H,413,537,34,10,1,1,0,409,539,35,11,1,0,0
,For Lieutenant Governor,,,,,,,For Secretary of State,,,,,,
,VOTE FOR 1,,,,,,,VOTE FOR 1,,,,,,
,79 of 81 Precincts Reporting,,,,,,,79 of 81 Precincts Reporting,,,,,,
,REP MIKE KEHOE,DEM ALISSIA CANADY,LIB BILL SLANTZ,GRN KELLEY DRAGOO,Write-in Totals,Write-in: Jeremy Gundel,Write-in: Not Assigned,REP JOHN R. (JAY) ASHCROFT,DEM YINKA FALETI,LIB CARL HERMAN FREESE,GRN PAUL LEHMANN,CON PAUL VENABLE,Write-in Totals,Write-in: Not Assigned
6D&28,386,261,19,5,0,0,0,384,255,18,7,3,0,0
6E&6M,357,481,22,10,1,0,1,355,462,30,8,5,0,0
6G,260,487,18,7,0,0,0,260,481,22,9,3,0,0
6I&6L,113,276,21,11,0,0,0,119,268,18,11,2,0,0
6J&34,882,476,36,10,0,0,0,885,483,20,11,4,0,0
6K,144,250,16,3,0,0,0,144,244,18,4,2,0,0
07,"1,031",219,15,6,0,0,0,"1,002",230,18,5,8,0,0
08,853,169,30,3,1,0,1,846,168,21,7,10,1,1
09&11,973,169,27,6,0,0,0,959,180,25,4,8,0,0
10&12,838,197,33,17,0,0,0,823,202,39,12,6,0,0
15&40,754,270,37,10,0,0,0,753,263,37,9,6,1,1
16,794,169,39,6,0,0,0,787,176,30,5,5,0,0
17,664,242,27,7,0,0,0,661,240,22,8,5,0,0
18&19,585,159,17,2,0,0,0,565,172,14,2,9,0,0
21,284,337,23,3,0,0,0,274,327,28,7,8,0,0
22,430,290,29,9,0,0,0,412,300,28,7,7,0,0
,For Lieutenant Governor,,,,,,,For Secretary of State,,,,,,
,VOTE FOR 1,,,,,,,VOTE FOR 1,,,,,,
,79 of 81 Precincts Reporting,,,,,,,79 of 81 Precincts Reporting,,,,,,
,REP MIKE KEHOE,DEM ALISSIA CANADY,LIB BILL SLANTZ,GRN KELLEY DRAGOO,Write-in Totals,Write-in: Jeremy Gundel,Write-in: Not Assigned,REP JOHN R. (JAY) ASHCROFT,DEM YINKA FALETI,LIB CARL HERMAN FREESE,GRN PAUL LEHMANN,CON PAUL VENABLE,Write-in Totals,Write-in: Not Assigned
23&24,708,308,28,7,0,0,0,684,319,35,5,3,0,0
25,292,86,9,3,1,0,1,280,99,6,1,3,1,1
26,470,253,19,10,0,0,0,456,266,18,10,3,0,0
27,566,331,21,5,0,0,0,551,340,18,4,6,0,0
29,308,141,12,4,0,0,0,307,143,12,1,2,0,0
30,758,232,19,4,0,0,0,748,235,21,4,6,0,0
31&42,"1,449",351,50,6,0,0,0,"1,426",359,45,10,7,0,0
32&35&43,922,234,34,4,0,0,0,919,234,25,10,5,0,0
33,301,229,22,5,0,0,0,283,233,21,7,4,0,0
38,662,291,33,7,0,0,0,653,294,31,9,6,0,0
39,873,159,25,7,0,0,0,879,151,21,6,9,0,0
41,377,266,19,8,0,0,0,377,260,17,10,5,0,0
ABSENTEE INTRASTATE,6,4,2,0,0,0,0,6,4,2,0,0,0,0
ABSENTEE INTERSTATE,0,0,0,0,0,0,0,0,0,0,0,0,0,0
ABSENTEE,"9,340","18,126",314,179,3,1,2,"9,541","17,727",327,173,77,2,2
FEDERAL STATE,3,2,1,0,0,0,0,4,2,0,0,0,0,0
,For Lieutenant Governor,,,,,,,For Secretary of State,,,,,,
,VOTE FOR 1,,,,,,,VOTE FOR 1,,,,,,
,79 of 81 Precincts Reporting,,,,,,,79 of 81 Precincts Reporting,,,,,,
,REP MIKE KEHOE,DEM ALISSIA CANADY,LIB BILL SLANTZ,GRN KELLEY DRAGOO,Write-in Totals,Write-in: Jeremy Gundel,Write-in: Not Assigned,REP JOHN R. (JAY) ASHCROFT,DEM YINKA FALETI,LIB CARL HERMAN FREESE,GRN PAUL LEHMANN,CON PAUL VENABLE,Write-in Totals,Write-in: Not Assigned
CENTRAL,346,603,30,20,0,0,0,351,598,30,21,6,0,0
CENTRAL 2,792,"1,522",58,27,0,0,0,838,"1,452",60,24,6,0,0
Totals,"42,602","43,619","1,998",778,13,2,11,"42,558","43,050","1,982",744,390,11,11
,For State Treasurer,,,,,,For Attorney General,,,,,For United States Representative District 4,,
,VOTE FOR 1,,,,,,VOTE FOR 1,,,,,VOTE FOR 1,,
,79 of 81 Precincts Reporting,,,,,,79 of 81 Precincts Reporting,,,,,79 of 81 Precincts Reporting,,
,REP SCOTT FITZPATRICK,DEM VICKI LORENZ ENGLUND,LIB NICHOLAS (NICK) KASOFF,GRN JOSEPH CIVETTINI,Write-in Totals,Write-in: Not Assigned,REP ERIC SCHMITT,DEM RICH FINNERAN,LIB KEVIN C BABCOCK,Write-in Totals,Write-in: Not Assigned,REP VICKY HARTZLER,DEM LINDSEY SIMMONS,LIB STEVEN K. KOONSE
1A,53,249,20,1,0,0,57,253,15,0,0,50,259,14
1B,0,0,0,0,0,0,0,0,0,0,0,0,0,0
1C,102,400,19,9,0,0,95,409,28,0,0,88,424,24
1D,79,391,14,8,0,0,71,401,23,0,0,71,405,21
1E&1I&6B&6F,0,0,0,0,0,0,0,0,0,0,0,0,0,0
1F&1J&1L,188,462,30,12,0,0,176,471,43,0,0,179,481,30
1G,91,244,11,5,0,0,95,246,17,0,0,85,261,12
1K&2K,453,333,29,4,0,0,458,347,22,0,0,448,359,24
1M,217,366,12,4,1,1,204,382,14,0,0,209,383,8
2A,218,313,12,7,0,0,221,315,20,0,0,207,335,19
2B,222,264,29,4,0,0,214,268,35,0,0,219,279,27
2C&3G&3L&45,402,396,34,13,0,0,392,413,42,1,1,388,436,34
2D,425,413,37,6,0,0,410,426,52,0,0,415,444,36
2F&2G,400,418,23,12,0,0,403,418,41,1,1,395,432,34
2H,340,420,21,6,1,1,321,434,38,1,1,331,446,26
2I,465,401,30,5,0,0,448,416,43,0,0,450,438,25
,For State Treasurer,,,,,,For Attorney General,,,,,For United States Representative District 4,,
,VOTE FOR 1,,,,,,VOTE FOR 1,,,,,VOTE FOR 1,,
,79 of 81 Precincts Reporting,,,,,,79 of 81 Precincts Reporting,,,,,79 of 81 Precincts Reporting,,
,REP SCOTT FITZPATRICK,DEM VICKI LORENZ ENGLUND,LIB NICHOLAS (NICK) KASOFF,GRN JOSEPH CIVETTINI,Write-in Totals,Write-in: Not Assigned,REP ERIC SCHMITT,DEM RICH FINNERAN,LIB KEVIN C BABCOCK,Write-in Totals,Write-in: Not Assigned,REP VICKY HARTZLER,DEM LINDSEY SIMMONS,LIB STEVEN K. KOONSE
2J,158,228,23,3,0,0,153,232,29,0,0,150,245,20
2L&20,368,175,14,7,0,0,377,165,23,0,0,368,186,21
3A,443,440,67,12,0,0,435,455,68,2,2,438,471,62
3B,155,305,16,8,0,0,146,317,25,0,0,144,323,20
3C,277,424,23,12,0,0,277,429,38,0,0,285,431,32
3D,179,500,26,13,0,0,166,521,36,0,0,161,532,35
3E&3H&3M,550,543,54,14,0,0,547,561,62,0,0,552,576,50
3F&3N,522,526,52,8,0,0,520,530,57,0,0,506,558,51
3I&3J,343,277,27,5,0,0,334,284,32,0,0,332,289,28
4A&4J,404,429,24,6,0,0,401,433,27,0,0,400,460,16
4B,471,311,16,6,0,0,466,319,24,0,0,472,324,21
4C,159,219,11,5,0,0,155,219,15,0,0,148,226,16
4D,78,208,11,4,0,0,76,215,12,0,0,73,223,10
4E,283,422,21,6,0,0,277,435,24,0,0,277,438,24
4F&4I&5A,187,345,11,5,0,0,186,359,8,0,0,164,377,12
4G&37,306,312,19,4,0,0,302,321,21,0,0,303,327,19
,For State Treasurer,,,,,,For Attorney General,,,,,For United States Representative District 4,,
,VOTE FOR 1,,,,,,VOTE FOR 1,,,,,VOTE FOR 1,,
,79 of 81 Precincts Reporting,,,,,,79 of 81 Precincts Reporting,,,,,79 of 81 Precincts Reporting,,
,REP SCOTT FITZPATRICK,DEM VICKI LORENZ ENGLUND,LIB NICHOLAS (NICK) KASOFF,GRN JOSEPH CIVETTINI,Write-in Totals,Write-in: Not Assigned,REP ERIC SCHMITT,DEM RICH FINNERAN,LIB KEVIN C BABCOCK,Write-in Totals,Write-in: Not Assigned,REP VICKY HARTZLER,DEM LINDSEY SIMMONS,LIB STEVEN K. KOONSE
4H&4N,366,344,15,3,0,0,356,356,18,0,0,349,376,18
4K,357,194,13,2,1,1,359,191,16,1,1,354,202,18
4L,348,281,20,1,1,1,320,307,26,1,1,322,312,26
4M,408,257,20,2,1,1,403,267,21,1,1,400,266,26
5B,381,215,15,4,1,1,370,220,21,1,1,372,241,9
5C&44,299,316,26,7,0,0,286,336,30,0,0,294,340,21
5D,339,280,17,5,0,0,331,294,18,0,0,336,291,21
5E&5P,613,340,25,1,0,0,606,345,29,0,0,607,359,20
5F,448,317,23,7,0,0,443,330,25,0,0,443,347,20
5G&5I&5M,460,221,15,1,0,0,456,228,16,0,0,442,245,20
5H,275,254,19,10,0,0,274,265,21,0,0,272,273,16
5J,284,413,25,9,1,1,272,415,43,0,0,263,450,30
5K,601,270,6,3,0,0,575,285,15,0,0,577,291,9
5N&36,593,357,28,2,0,0,589,361,33,1,1,587,381,28
6A,204,355,24,6,0,0,194,371,30,0,0,193,386,19
6C&6H,412,517,38,12,0,0,404,538,42,0,0,394,564,40
,For State Treasurer,,,,,,For Attorney General,,,,,For United States Representative District 4,,
,VOTE FOR 1,,,,,,VOTE FOR 1,,,,,VOTE FOR 1,,
,79 of 81 Precincts Reporting,,,,,,79 of 81 Precincts Reporting,,,,,79 of 81 Precincts Reporting,,
,REP SCOTT FITZPATRICK,DEM VICKI LORENZ ENGLUND,LIB NICHOLAS (NICK) KASOFF,GRN JOSEPH CIVETTINI,Write-in Totals,Write-in: Not Assigned,REP ERIC SCHMITT,DEM RICH FINNERAN,LIB KEVIN C BABCOCK,Write-in Totals,Write-in: Not Assigned,REP VICKY HARTZLER,DEM LINDSEY SIMMONS,LIB STEVEN K. KOONSE
6D&28,385,253,23,4,0,0,374,266,26,1,1,375,272,23
6E&6M,357,457,27,9,1,1,346,460,47,0,0,355,488,24
6G,268,469,24,5,0,0,254,484,33,0,0,243,508,24
6I&6L,129,264,18,6,0,0,116,288,19,0,0,124,284,12
6J&34,876,467,33,8,0,0,866,486,42,0,0,844,516,40
6K,149,238,16,5,0,0,146,242,23,0,0,145,250,18
07,977,237,28,3,0,0,974,236,35,0,0,977,249,39
08,818,186,30,3,1,1,812,189,39,1,1,826,179,42
09&11,948,174,32,5,0,0,946,174,43,0,0,940,192,38
10&12,814,207,44,6,0,0,814,213,48,0,0,805,225,52
15&40,730,282,39,9,0,0,729,274,62,0,0,725,295,44
16,763,195,32,4,0,0,758,191,46,0,0,770,198,38
17,642,251,31,5,0,0,640,252,37,1,1,632,273,36
18&19,554,172,24,1,0,0,551,170,32,0,0,566,181,23
21,279,329,24,3,0,0,270,333,33,0,0,277,343,22
22,415,286,36,6,0,0,414,291,43,0,0,400,310,42
,For State Treasurer,,,,,,For Attorney General,,,,,For United States Representative District 4,,
,VOTE FOR 1,,,,,,VOTE FOR 1,,,,,VOTE FOR 1,,
,79 of 81 Precincts Reporting,,,,,,79 of 81 Precincts Reporting,,,,,79 of 81 Precincts Reporting,,
,REP SCOTT FITZPATRICK,DEM VICKI LORENZ ENGLUND,LIB NICHOLAS (NICK) KASOFF,GRN JOSEPH CIVETTINI,Write-in Totals,Write-in: Not Assigned,REP ERIC SCHMITT,DEM RICH FINNERAN,LIB KEVIN C BABCOCK,Write-in Totals,Write-in: Not Assigned,REP VICKY HARTZLER,DEM LINDSEY SIMMONS,LIB STEVEN K. KOONSE
23&24,689,318,27,4,0,0,679,314,47,0,0,679,336,31
25,285,90,10,1,1,1,285,84,15,1,1,276,98,16
26,442,270,27,6,0,0,452,260,35,0,0,451,278,26
27,551,328,23,3,0,0,547,343,25,0,0,539,359,24
29,308,133,13,4,0,0,304,140,17,0,0,297,153,15
30,747,231,23,4,0,0,723,247,31,0,0,732,258,25
31&42,"1,404",354,57,7,0,0,"1,395",367,66,0,0,"1,397",396,49
32&35&43,913,227,36,5,0,0,897,243,42,0,0,892,260,33
33,289,219,28,4,0,0,270,245,30,0,0,275,247,24
38,646,298,35,8,0,0,644,300,42,0,0,658,304,31
39,856,163,31,3,0,0,858,164,34,0,0,860,167,35
41,367,261,26,7,0,0,359,277,30,0,0,364,277,30
ABSENTEE INTRASTATE,7,4,1,0,0,0,6,3,2,0,0,6,3,2
ABSENTEE INTERSTATE,0,0,0,0,0,0,0,0,0,0,0,0,0,0
ABSENTEE,"8,882","18,185",371,137,1,1,"8,753","18,450",473,5,5,"8,753","18,781",414
FEDERAL STATE,3,2,0,1,0,0,3,2,1,0,0,4,3,0
,For State Treasurer,,,,,,For Attorney General,,,,,For United States Representative District 4,,
,VOTE FOR 1,,,,,,VOTE FOR 1,,,,,VOTE FOR 1,,
,79 of 81 Precincts Reporting,,,,,,79 of 81 Precincts Reporting,,,,,79 of 81 Precincts Reporting,,
,REP SCOTT FITZPATRICK,DEM VICKI LORENZ ENGLUND,LIB NICHOLAS (NICK) KASOFF,GRN JOSEPH CIVETTINI,Write-in Totals,Write-in: Not Assigned,REP ERIC SCHMITT,DEM RICH FINNERAN,LIB KEVIN C BABCOCK,Write-in Totals,Write-in: Not Assigned,REP VICKY HARTZLER,DEM LINDSEY SIMMONS,LIB STEVEN K. KOONSE
CENTRAL,347,581,35,20,0,0,351,605,41,0,0,321,632,47
CENTRAL 2,842,"1,425",64,20,0,0,828,"1,480",79,0,0,788,"1,533",64
Totals,"41,608","43,221","2,333",605,11,11,"40,985","44,176","2,956",19,19,"40,809","45,540","2,495"
,For United States Representative District 4,
,VOTE FOR 1,
,79 of 81 Precincts Reporting,
,Write-in Totals,Write-in: Not Assigned
1A,0,0
1B,0,0
1C,0,0
1D,0,0
1E&1I&6B&6F,0,0
1F&1J&1L,0,0
1G,0,0
1K&2K,0,0
1M,0,0
2A,0,0
2B,0,0
2C&3G&3L&45,0,0
2D,0,0
2F&2G,1,1
2H,1,1
,For United States Representative District 4,
,VOTE FOR 1,
,79 of 81 Precincts Reporting,
,Write-in Totals,Write-in: Not Assigned
2I,0,0
2J,0,0
2L&20,0,0
3A,0,0
3B,0,0
3C,0,0
3D,0,0
3E&3H&3M,0,0
3F&3N,0,0
3I&3J,0,0
4A&4J,0,0
4B,0,0
4C,0,0
4D,0,0
4E,0,0
,For United States Representative District 4,
,VOTE FOR 1,
,79 of 81 Precincts Reporting,
,Write-in Totals,Write-in: Not Assigned
4F&4I&5A,0,0
4G&37,0,0
4H&4N,0,0
4K,0,0
4L,0,0
4M,2,2
5B,1,1
5C&44,0,0
5D,0,0
5E&5P,0,0
5F,0,0
5G&5I&5M,0,0
5H,1,1
5J,0,0
5K,1,1
,For United States Representative District 4,
,VOTE FOR 1,
,79 of 81 Precincts Reporting,
,Write-in Totals,Write-in: Not Assigned
5N&36,0,0
6A,0,0
6C&6H,0,0
6D&28,0,0
6E&6M,0,0
6G,0,0
6I&6L,0,0
6J&34,0,0
6K,0,0
07,0,0
08,1,1
09&11,0,0
10&12,0,0
15&40,0,0
16,0,0
,For United States Representative District 4,
,VOTE FOR 1,
,79 of 81 Precincts Reporting,
,Write-in Totals,Write-in: Not Assigned
17,0,0
18&19,0,0
21,0,0
22,0,0
23&24,0,0
25,1,1
26,0,0
27,0,0
29,0,0
30,0,0
31&42,0,0
32&35&43,0,0
33,0,0
38,0,0
39,0,0
,For United States Representative District 4,
,VOTE FOR 1,
,79 of 81 Precincts Reporting,
,Write-in Totals,Write-in: Not Assigned
41,0,0
ABSENTEE INTRASTATE,0,0
ABSENTEE INTERSTATE,0,0
ABSENTEE,2,2
FEDERAL STATE,0,0
CENTRAL,0,0
CENTRAL 2,0,0
Totals,11,11
,For State Senator District 19,,,,,For State Representative District 44,,,,For State Representative District 45,,,For State Representative District 46,
,VOTE FOR 1,,,,,VOTE FOR 1,,,,VOTE FOR 1,,,VOTE FOR 1,
,78 of 80 Precincts Reporting,,,,,22 of 22 Precincts Reporting,,,,22 of 24 Precincts Reporting,,,24 of 25 Precincts Reporting,
,REP CALEB ROWDEN,DEM JUDY BAKER,Write-in Totals,Write-in: James Coyne,Write-in: Not Assigned,REP CHERI TOALSON REISCH,DEM JACQUE SAMPLE,Write-in Totals,Write-in: Not Assigned,DEM KIP KENDRICK,Write-in Totals,Write-in: Not Assigned,DEM MARTHA STEVENS,Write-in Totals
1A,71,256,0,0,0,0,0,0,0,282,3,3,0,0
1B,0,0,0,0,0,0,0,0,0,0,0,0,0,0
1C,108,428,1,1,0,0,0,0,0,0,0,0,460,2
1D,87,408,0,0,0,0,0,0,0,375,4,4,62,0
1E&1I&6B&6F,0,0,0,0,0,0,0,0,0,0,0,0,0,0
1F&1J&1L,196,498,0,0,0,0,0,0,0,0,0,0,0,0
1G,102,258,0,0,0,0,0,0,0,0,0,0,306,0
1K&2K,471,370,0,0,0,0,0,0,0,0,0,0,0,0
1M,205,404,0,0,0,0,0,0,0,504,8,8,0,0
2A,239,332,0,0,0,0,0,0,0,430,5,5,0,0
2B,246,279,0,0,0,0,0,0,0,401,6,6,0,0
2C&3G&3L&45,431,432,2,0,2,8,13,0,0,591,10,10,0,0
2D,461,453,0,0,0,0,0,0,0,0,0,0,0,0
2F&2G,443,422,2,0,2,0,0,0,0,598,13,13,0,0
2H,364,442,0,0,0,0,0,0,0,622,8,8,0,0
,For State Senator District 19,,,,,For State Representative District 44,,,,For State Representative District 45,,,For State Representative District 46,
,VOTE FOR 1,,,,,VOTE FOR 1,,,,VOTE FOR 1,,,VOTE FOR 1,
,78 of 80 Precincts Reporting,,,,,22 of 22 Precincts Reporting,,,,22 of 24 Precincts Reporting,,,24 of 25 Precincts Reporting,
,REP CALEB ROWDEN,DEM JUDY BAKER,Write-in Totals,Write-in: James Coyne,Write-in: Not Assigned,REP CHERI TOALSON REISCH,DEM JACQUE SAMPLE,Write-in Totals,Write-in: Not Assigned,DEM KIP KENDRICK,Write-in Totals,Write-in: Not Assigned,DEM MARTHA STEVENS,Write-in Totals
2I,497,425,3,0,3,0,0,0,0,654,7,7,0,0
2J,168,245,1,1,0,0,0,0,0,333,3,3,0,0
2L&20,402,172,0,0,0,0,0,0,0,0,0,0,0,0
3A,494,488,0,0,0,375,388,0,0,135,3,3,0,0
3B,179,315,1,1,0,150,330,0,0,0,0,0,0,0
3C,322,434,0,0,0,303,440,0,0,0,0,0,0,0
3D,191,539,0,0,0,0,0,0,0,608,7,7,0,0
3E&3H&3M,606,582,0,0,0,474,540,0,0,10,0,0,0,0
3F&3N,574,557,1,0,1,539,563,2,2,0,0,0,0,0
3I&3J,372,283,1,0,1,356,286,0,0,0,0,0,0,0
4A&4J,419,451,3,0,3,0,0,0,0,0,0,0,624,11
4B,476,351,0,0,0,0,0,0,0,0,0,0,0,0
4C,163,231,1,0,1,0,0,0,0,0,0,0,292,6
4D,83,225,0,0,0,0,0,0,0,0,0,0,243,3
4E,300,443,0,0,0,0,0,0,0,0,0,0,556,12
,For State Senator District 19,,,,,For State Representative District 44,,,,For State Representative District 45,,,For State Representative District 46,
,VOTE FOR 1,,,,,VOTE FOR 1,,,,VOTE FOR 1,,,VOTE FOR 1,
,78 of 80 Precincts Reporting,,,,,22 of 22 Precincts Reporting,,,,22 of 24 Precincts Reporting,,,24 of 25 Precincts Reporting,
,REP CALEB ROWDEN,DEM JUDY BAKER,Write-in Totals,Write-in: James Coyne,Write-in: Not Assigned,REP CHERI TOALSON REISCH,DEM JACQUE SAMPLE,Write-in Totals,Write-in: Not Assigned,DEM KIP KENDRICK,Write-in Totals,Write-in: Not Assigned,DEM MARTHA STEVENS,Write-in Totals
4F&4I&5A,184,371,0,0,0,0,0,0,0,64,2,2,378,6
4G&37,324,325,1,1,0,0,0,0,0,0,0,0,428,6
4H&4N,380,365,0,0,0,0,0,0,0,0,0,0,486,3
4K,363,213,2,2,0,0,0,0,0,0,0,0,0,0
4L,347,319,0,0,0,0,0,0,0,0,0,0,0,0
4M,428,273,1,0,1,0,0,0,0,0,0,0,439,8
5B,396,229,1,0,1,0,0,0,0,0,0,0,0,0
5C&44,317,337,0,0,0,0,0,0,0,0,0,0,469,9
5D,354,299,2,1,1,0,0,0,0,0,0,0,0,0
5E&5P,632,360,2,1,1,0,0,0,0,0,0,0,498,10
5F,467,347,2,0,2,0,0,0,0,0,0,0,542,6
5G&5I&5M,470,243,0,0,0,0,0,0,0,0,0,0,420,7
5H,295,274,1,0,1,0,0,0,0,0,0,0,373,5
5J,296,449,2,0,2,0,0,0,0,0,0,0,577,9
5K,601,282,1,0,1,0,0,0,0,0,0,0,0,0
,For State Senator District 19,,,,,For State Representative District 44,,,,For State Representative District 45,,,For State Representative District 46,
,VOTE FOR 1,,,,,VOTE FOR 1,,,,VOTE FOR 1,,,VOTE FOR 1,
,78 of 80 Precincts Reporting,,,,,22 of 22 Precincts Reporting,,,,22 of 24 Precincts Reporting,,,24 of 25 Precincts Reporting,
,REP CALEB ROWDEN,DEM JUDY BAKER,Write-in Totals,Write-in: James Coyne,Write-in: Not Assigned,REP CHERI TOALSON REISCH,DEM JACQUE SAMPLE,Write-in Totals,Write-in: Not Assigned,DEM KIP KENDRICK,Write-in Totals,Write-in: Not Assigned,DEM MARTHA STEVENS,Write-in Totals
5N&36,626,388,1,0,1,0,0,0,0,0,0,0,0,0
6A,201,405,0,0,0,0,0,0,0,488,9,9,0,0
6C&6H,437,567,0,0,0,0,0,0,0,102,3,3,0,0
6D&28,398,276,1,0,1,0,0,0,0,0,0,0,0,0
6E&6M,385,491,2,0,2,0,0,0,0,0,0,0,431,8
6G,283,499,1,1,0,0,0,0,0,0,0,0,651,5
6I&6L,141,287,1,0,1,0,0,0,0,0,0,0,351,6
6J&34,919,493,2,2,0,0,0,0,0,0,0,0,0,0
6K,151,260,0,0,0,0,0,0,0,0,0,0,0,0
07,"1,021",253,0,0,0,0,0,0,0,0,0,0,0,0
08,857,195,4,2,2,846,198,1,1,0,0,0,0,0
09&11,"1,014",174,0,0,0,971,188,0,0,0,0,0,0,0
10&12,861,221,1,0,1,843,227,0,0,0,0,0,0,0
15&40,786,292,1,1,0,55,9,0,0,0,0,0,0,0
16,823,181,6,6,0,806,194,2,2,0,0,0,0,0
,For State Senator District 19,,,,,For State Representative District 44,,,,For State Representative District 45,,,For State Representative District 46,
,VOTE FOR 1,,,,,VOTE FOR 1,,,,VOTE FOR 1,,,VOTE FOR 1,
,78 of 80 Precincts Reporting,,,,,22 of 22 Precincts Reporting,,,,22 of 24 Precincts Reporting,,,24 of 25 Precincts Reporting,
,REP CALEB ROWDEN,DEM JUDY BAKER,Write-in Totals,Write-in: James Coyne,Write-in: Not Assigned,REP CHERI TOALSON REISCH,DEM JACQUE SAMPLE,Write-in Totals,Write-in: Not Assigned,DEM KIP KENDRICK,Write-in Totals,Write-in: Not Assigned,DEM MARTHA STEVENS,Write-in Totals
17,697,242,1,1,0,665,262,0,0,0,0,0,0,0
18&19,568,200,2,2,0,0,0,0,0,0,0,0,0,0
21,292,362,1,1,0,0,0,0,0,0,0,0,0,0
22,453,310,1,1,0,0,0,0,0,151,2,2,0,0
23&24,721,333,1,0,1,707,332,0,0,0,0,0,0,0
25,292,97,1,0,1,87,20,0,0,0,0,0,0,0
26,477,271,5,2,3,0,0,0,0,0,0,0,0,0
27,579,341,2,2,0,0,0,0,0,0,0,0,0,0
29,314,154,0,0,0,0,0,0,0,0,0,0,0,0
30,771,242,4,4,0,0,0,0,0,0,0,0,0,0
31&42,"1,460",377,26,24,2,0,0,0,0,0,0,0,0,0
32&35&43,933,261,0,0,0,0,0,0,0,0,0,0,0,0
33,312,245,1,0,1,298,244,0,0,0,0,0,0,0
38,692,306,2,2,0,0,0,0,0,0,0,0,0,0
39,901,170,0,0,0,872,187,0,0,0,0,0,0,0
,For State Senator District 19,,,,,For State Representative District 44,,,,For State Representative District 45,,,For State Representative District 46,
,VOTE FOR 1,,,,,VOTE FOR 1,,,,VOTE FOR 1,,,VOTE FOR 1,
,78 of 80 Precincts Reporting,,,,,22 of 22 Precincts Reporting,,,,22 of 24 Precincts Reporting,,,24 of 25 Precincts Reporting,
,REP CALEB ROWDEN,DEM JUDY BAKER,Write-in Totals,Write-in: James Coyne,Write-in: Not Assigned,REP CHERI TOALSON REISCH,DEM JACQUE SAMPLE,Write-in Totals,Write-in: Not Assigned,DEM KIP KENDRICK,Write-in Totals,Write-in: Not Assigned,DEM MARTHA STEVENS,Write-in Totals
41,381,291,0,0,0,367,290,0,0,0,0,0,0,0
ABSENTEE INTRASTATE,0,0,0,0,0,0,0,0,0,0,0,0,0,0
ABSENTEE INTERSTATE,0,0,0,0,0,0,0,0,0,0,0,0,0,0
ABSENTEE,"9,560","18,458",9,3,6,"1,651","2,419",2,2,"3,524",12,12,"7,112",27
FEDERAL STATE,4,2,0,0,0,1,0,0,0,2,0,0,1,0
CENTRAL,365,655,1,1,0,73,98,0,0,322,4,4,119,0
CENTRAL 2,847,"1,582",1,0,1,23,48,0,0,"1,431",12,12,225,3
Totals,"44,046","45,290",109,63,46,"10,470","7,276",7,7,"11,627",121,121,"16,043",152
,For State Representative District 46,For State Representative District 47,,,
,VOTE FOR 1,VOTE FOR 1,,,
,24 of 25 Precincts Reporting,22 of 22 Precincts Reporting,,,
,Write-in: Not Assigned,REP CHARLES (CHUCK) BASYE,DEM ADRIAN PLANK,Write-in Totals,Write-in: Not Assigned
1A,0,0,0,0,0
1B,0,0,0,0,0
1C,2,0,0,0,0
1D,0,0,0,0,0
1E&1I&6B&6F,0,0,0,0,0
1F&1J&1L,0,190,494,0,0
1G,0,0,0,0,0
1K&2K,0,472,362,0,0
1M,0,0,0,0,0
2A,0,0,0,0,0
2B,0,0,0,0,0
2C&3G&3L&45,0,0,0,0,0
2D,0,441,451,0,0
2F&2G,0,0,0,0,0
,For State Representative District 46,For State Representative District 47,,,
,VOTE FOR 1,VOTE FOR 1,,,
,24 of 25 Precincts Reporting,22 of 22 Precincts Reporting,,,
,Write-in: Not Assigned,REP CHARLES (CHUCK) BASYE,DEM ADRIAN PLANK,Write-in Totals,Write-in: Not Assigned
2H,0,0,0,0,0
2I,0,8,9,0,0
2J,0,0,0,0,0
2L&20,0,396,180,0,0
3A,0,0,0,0,0
3B,0,0,0,0,0
3C,0,0,0,0,0
3D,0,0,0,0,0
3E&3H&3M,0,0,0,0,0
3F&3N,0,0,0,0,0
3I&3J,0,0,0,0,0
4A&4J,11,0,0,0,0
4B,0,472,343,0,0
4C,6,0,0,0,0
,For State Representative District 46,For State Representative District 47,,,
,VOTE FOR 1,VOTE FOR 1,,,
,24 of 25 Precincts Reporting,22 of 22 Precincts Reporting,,,
,Write-in: Not Assigned,REP CHARLES (CHUCK) BASYE,DEM ADRIAN PLANK,Write-in Totals,Write-in: Not Assigned
4D,3,0,0,0,0
4E,12,0,0,0,0
4F&4I&5A,6,0,0,0,0
4G&37,6,23,16,0,0
4H&4N,3,0,0,0,0
4K,0,365,207,1,1
4L,0,347,310,0,0
4M,8,0,0,0,0
5B,0,0,0,0,0
5C&44,9,0,0,0,0
5D,0,0,0,0,0
5E&5P,10,83,53,0,0
5F,6,0,0,0,0
5G&5I&5M,7,0,0,0,0
,For State Representative District 46,For State Representative District 47,,,
,VOTE FOR 1,VOTE FOR 1,,,
,24 of 25 Precincts Reporting,22 of 22 Precincts Reporting,,,
,Write-in: Not Assigned,REP CHARLES (CHUCK) BASYE,DEM ADRIAN PLANK,Write-in Totals,Write-in: Not Assigned
5H,5,0,0,0,0
5J,9,0,0,0,0
5K,0,21,5,0,0
5N&36,0,123,139,1,1
6A,0,0,0,0,0
6C&6H,0,0,0,0,0
6D&28,0,0,0,0,0
6E&6M,8,0,0,0,0
6G,5,0,0,0,0
6I&6L,6,0,0,0,0
6J&34,0,0,0,0,0
6K,0,0,0,0,0
07,0,"1,018",253,1,1
08,0,0,0,0,0
,For State Representative District 46,For State Representative District 47,,,
,VOTE FOR 1,VOTE FOR 1,,,
,24 of 25 Precincts Reporting,22 of 22 Precincts Reporting,,,
,Write-in: Not Assigned,REP CHARLES (CHUCK) BASYE,DEM ADRIAN PLANK,Write-in Totals,Write-in: Not Assigned
09&11,0,0,0,0,0
10&12,0,0,0,0,0
15&40,0,729,272,0,0
16,0,0,0,0,0
17,0,0,0,0,0
18&19,0,589,180,0,0
21,0,293,353,0,0
22,0,304,237,0,0
23&24,0,0,0,0,0
25,0,0,0,0,0
26,0,0,0,0,0
27,0,0,0,0,0
29,0,0,0,0,0
30,0,0,0,0,0
,For State Representative District 46,For State Representative District 47,,,
,VOTE FOR 1,VOTE FOR 1,,,
,24 of 25 Precincts Reporting,22 of 22 Precincts Reporting,,,
,Write-in: Not Assigned,REP CHARLES (CHUCK) BASYE,DEM ADRIAN PLANK,Write-in Totals,Write-in: Not Assigned
31&42,0,0,0,0,0
32&35&43,0,0,0,0,0
33,0,0,0,0,0
38,0,673,318,0,0
39,0,0,0,0,0
41,0,0,0,0,0
ABSENTEE INTRASTATE,0,0,0,0,0
ABSENTEE INTERSTATE,0,0,0,0,0
ABSENTEE,27,"1,856","3,088",0,0
FEDERAL STATE,0,0,1,0,0
CENTRAL,0,65,87,0,0
CENTRAL 2,3,39,37,0,0
Totals,152,"8,507","7,395",3,3
,For State Representative District 50,,,,For Circuit Judge Circuit 13 Division 4,,,,For Associate Commissioner District 1,,,,For Associate Commissioner District 2,
,VOTE FOR 1,,,,VOTE FOR 1,,,,VOTE FOR 1,,,,VOTE FOR 1,
,21 of 21 Precincts Reporting,,,,77 of 79 Precincts Reporting,,,,47 of 47 Precincts Reporting,,,,40 of 42 Precincts Reporting,
,REP SARA WALSH,DEM KARI L. CHESNEY,Write-in Totals,Write-in: Not Assigned,REP JOSH DEVINE,DEM ANDY HIRTH,Write-in Totals,Write-in: Not Assigned,REP FRED PARRY,DEM JUSTIN ALDRED,Write-in Totals,Write-in: Not Assigned,REP TRISTAN ASBURY,DEM JANET M THOMPSON
1A,0,0,0,0,72,252,1,1,41,148,0,0,22,109
1B,0,0,0,0,0,0,0,0,0,0,0,0,0,0
1C,0,0,0,0,123,403,0,0,113,413,0,0,0,0
1D,0,0,0,0,84,402,0,0,83,412,0,0,0,0
1E&1I&6B&6F,0,0,0,0,0,0,0,0,0,0,0,0,0,0
1F&1J&1L,0,0,0,0,201,482,0,0,196,484,0,0,0,0
1G,0,0,0,0,111,244,0,0,108,246,0,0,0,0
1K&2K,0,0,0,0,483,334,0,0,456,365,0,0,0,0
1M,0,0,0,0,202,382,0,0,0,0,0,0,200,374
2A,0,0,0,0,237,314,0,0,224,330,0,0,0,0
2B,0,0,0,0,237,278,0,0,0,0,0,0,212,300
2C&3G&3L&45,0,0,0,0,435,403,0,0,0,0,0,0,378,456
2D,0,0,0,0,455,420,0,0,441,442,0,0,0,0
2F&2G,0,0,0,0,432,422,0,0,405,448,1,1,0,0
2H,0,0,0,0,353,427,0,0,0,0,0,0,322,456
,For State Representative District 50,,,,For Circuit Judge Circuit 13 Division 4,,,,For Associate Commissioner District 1,,,,For Associate Commissioner District 2,
,VOTE FOR 1,,,,VOTE FOR 1,,,,VOTE FOR 1,,,,VOTE FOR 1,
,21 of 21 Precincts Reporting,,,,77 of 79 Precincts Reporting,,,,47 of 47 Precincts Reporting,,,,40 of 42 Precincts Reporting,
,REP SARA WALSH,DEM KARI L. CHESNEY,Write-in Totals,Write-in: Not Assigned,REP JOSH DEVINE,DEM ANDY HIRTH,Write-in Totals,Write-in: Not Assigned,REP FRED PARRY,DEM JUSTIN ALDRED,Write-in Totals,Write-in: Not Assigned,REP TRISTAN ASBURY,DEM JANET M THOMPSON
2I,0,0,0,0,489,400,2,2,469,425,2,2,0,0
2J,0,0,0,0,168,237,1,1,0,0,0,0,152,249
2L&20,0,0,0,0,377,173,0,0,247,125,0,0,132,56
3A,0,0,0,0,474,480,0,0,0,0,0,0,441,508
3B,0,0,0,0,159,322,0,0,0,0,0,0,153,326
3C,0,0,0,0,298,435,0,0,0,0,0,0,256,475
3D,0,0,0,0,193,526,0,0,16,60,0,0,151,490
3E&3H&3M,91,48,0,0,587,558,0,0,0,0,0,0,546,591
3F&3N,0,0,0,0,546,546,1,1,0,0,0,0,515,564
3I&3J,0,0,0,0,375,264,0,0,0,0,0,0,348,296
4A&4J,0,0,0,0,429,427,0,0,415,449,0,0,0,0
4B,0,0,0,0,501,300,0,0,491,320,0,0,0,0
4C,0,0,0,0,173,212,0,0,158,232,0,0,0,0
4D,0,0,0,0,91,208,0,0,83,224,0,0,0,0
4E,0,0,0,0,305,422,0,0,288,444,1,1,0,0
,For State Representative District 50,,,,For Circuit Judge Circuit 13 Division 4,,,,For Associate Commissioner District 1,,,,For Associate Commissioner District 2,
,VOTE FOR 1,,,,VOTE FOR 1,,,,VOTE FOR 1,,,,VOTE FOR 1,
,21 of 21 Precincts Reporting,,,,77 of 79 Precincts Reporting,,,,47 of 47 Precincts Reporting,,,,40 of 42 Precincts Reporting,
,REP SARA WALSH,DEM KARI L. CHESNEY,Write-in Totals,Write-in: Not Assigned,REP JOSH DEVINE,DEM ANDY HIRTH,Write-in Totals,Write-in: Not Assigned,REP FRED PARRY,DEM JUSTIN ALDRED,Write-in Totals,Write-in: Not Assigned,REP TRISTAN ASBURY,DEM JANET M THOMPSON
4F&4I&5A,0,0,0,0,212,333,0,0,188,357,0,0,0,0
4G&37,0,0,0,0,349,289,0,0,307,335,0,0,0,0
4H&4N,0,0,0,0,376,348,0,0,386,351,0,0,0,0
4K,0,0,0,0,377,187,1,1,364,207,1,1,0,0
4L,0,0,0,0,355,292,1,1,341,310,1,1,0,0
4M,0,0,0,0,424,258,1,1,417,273,1,1,0,0
5B,389,231,1,1,387,216,1,1,405,212,1,1,0,0
5C&44,0,0,0,0,318,328,0,0,297,351,0,0,0,0
5D,346,298,1,1,359,275,0,0,340,287,1,1,0,0
5E&5P,0,0,0,0,646,326,0,0,634,351,1,1,0,0
5F,0,0,0,0,466,320,0,0,433,362,1,1,0,0
5G&5I&5M,0,0,0,0,490,209,0,0,470,240,0,0,0,0
5H,0,0,0,0,305,250,0,0,290,274,1,1,0,0
5J,0,0,0,0,295,434,1,1,273,455,2,2,0,0
5K,569,278,0,0,618,257,0,0,610,268,0,0,0,0
,For State Representative District 50,,,,For Circuit Judge Circuit 13 Division 4,,,,For Associate Commissioner District 1,,,,For Associate Commissioner District 2,
,VOTE FOR 1,,,,VOTE FOR 1,,,,VOTE FOR 1,,,,VOTE FOR 1,
,21 of 21 Precincts Reporting,,,,77 of 79 Precincts Reporting,,,,47 of 47 Precincts Reporting,,,,40 of 42 Precincts Reporting,
,REP SARA WALSH,DEM KARI L. CHESNEY,Write-in Totals,Write-in: Not Assigned,REP JOSH DEVINE,DEM ANDY HIRTH,Write-in Totals,Write-in: Not Assigned,REP FRED PARRY,DEM JUSTIN ALDRED,Write-in Totals,Write-in: Not Assigned,REP TRISTAN ASBURY,DEM JANET M THOMPSON
5N&36,480,247,0,0,644,345,0,0,609,377,0,0,0,0
6A,0,0,0,0,204,385,0,0,0,0,0,0,197,379
6C&6H,392,473,2,2,424,547,2,2,0,0,0,0,386,578
6D&28,394,266,0,0,391,256,1,1,13,6,0,0,337,287
6E&6M,157,158,0,0,373,470,2,2,0,0,0,0,340,493
6G,0,0,0,0,278,490,0,0,0,0,0,0,257,502
6I&6L,0,0,0,0,130,283,0,0,0,0,0,0,122,286
6J&34,870,524,0,0,896,484,0,0,0,0,0,0,842,532
6K,156,257,0,0,147,253,0,0,0,0,0,0,140,258
07,0,0,0,0,"1,004",231,0,0,0,0,0,0,949,287
08,0,0,0,0,840,187,1,1,0,0,0,0,789,245
09&11,0,0,0,0,951,194,0,0,0,0,0,0,902,240
10&12,0,0,0,0,847,213,0,0,0,0,0,0,798,261
15&40,0,0,0,0,774,277,0,0,0,0,0,0,697,338
16,0,0,0,0,792,191,0,0,0,0,0,0,747,235
,For State Representative District 50,,,,For Circuit Judge Circuit 13 Division 4,,,,For Associate Commissioner District 1,,,,For Associate Commissioner District 2,
,VOTE FOR 1,,,,VOTE FOR 1,,,,VOTE FOR 1,,,,VOTE FOR 1,
,21 of 21 Precincts Reporting,,,,77 of 79 Precincts Reporting,,,,47 of 47 Precincts Reporting,,,,40 of 42 Precincts Reporting,
,REP SARA WALSH,DEM KARI L. CHESNEY,Write-in Totals,Write-in: Not Assigned,REP JOSH DEVINE,DEM ANDY HIRTH,Write-in Totals,Write-in: Not Assigned,REP FRED PARRY,DEM JUSTIN ALDRED,Write-in Totals,Write-in: Not Assigned,REP TRISTAN ASBURY,DEM JANET M THOMPSON
17,0,0,0,0,664,247,0,0,0,0,0,0,622,295
18&19,0,0,0,0,570,174,0,0,453,223,0,0,68,14
21,0,0,0,0,300,334,0,0,295,341,0,0,0,0
22,0,0,0,0,452,295,0,0,433,317,0,0,0,0
23&24,0,0,0,0,706,320,0,0,0,0,0,0,640,393
25,203,75,1,1,290,91,1,1,0,0,0,0,254,123
26,463,286,2,2,477,260,1,1,464,276,0,0,0,0
27,560,358,0,0,584,325,0,0,562,356,0,0,0,0
29,312,150,0,0,308,149,0,0,303,136,0,0,9,9
30,785,228,0,0,761,235,0,0,725,272,0,0,0,0
31&42,"1,484",370,1,1,"1,427",368,0,0,"1,428",392,0,0,0,0
32&35&43,948,243,0,0,916,245,0,0,901,273,0,0,0,0
33,0,0,0,0,305,233,0,0,0,0,0,0,258,281
38,0,0,0,0,686,290,0,0,631,357,0,0,0,0
39,0,0,0,0,898,149,0,0,0,0,0,0,820,216
,For State Representative District 50,,,,For Circuit Judge Circuit 13 Division 4,,,,For Associate Commissioner District 1,,,,For Associate Commissioner District 2,
,VOTE FOR 1,,,,VOTE FOR 1,,,,VOTE FOR 1,,,,VOTE FOR 1,
,21 of 21 Precincts Reporting,,,,77 of 79 Precincts Reporting,,,,47 of 47 Precincts Reporting,,,,40 of 42 Precincts Reporting,
,REP SARA WALSH,DEM KARI L. CHESNEY,Write-in Totals,Write-in: Not Assigned,REP JOSH DEVINE,DEM ANDY HIRTH,Write-in Totals,Write-in: Not Assigned,REP FRED PARRY,DEM JUSTIN ALDRED,Write-in Totals,Write-in: Not Assigned,REP TRISTAN ASBURY,DEM JANET M THOMPSON
41,0,0,0,0,382,277,0,0,0,0,0,0,333,317
ABSENTEE INTRASTATE,0,0,0,0,0,0,0,0,0,0,0,0,0,0
ABSENTEE INTERSTATE,0,0,0,0,0,0,0,0,0,0,0,0,0,0
ABSENTEE,"2,504","3,569",2,2,"9,412","17,740",5,5,"5,759","11,450",0,0,"3,075","7,143"
FEDERAL STATE,1,0,0,0,0,0,0,0,0,0,0,0,0,0
CENTRAL,75,76,0,0,395,590,0,0,162,250,0,0,174,397
CENTRAL 2,89,148,0,0,843,"1,481",1,1,126,165,1,1,642,"1,330"
Totals,"11,268","8,283",10,10,"43,638","43,204",24,24,"22,853","25,391",15,15,"18,226","20,689"
,For Associate Commissioner District 2,,For Assessor,,
,VOTE FOR 1,,VOTE FOR 1,,
,40 of 42 Precincts Reporting,,77 of 79 Precincts Reporting,,
,Write-in Totals,Write-in: Not Assigned,DEM KENNETH (KENNY) M. MOHR,Write-in Totals,Write-in: Not Assigned
1A,0,0,276,3,3
1B,0,0,0,0,0
1C,0,0,446,2,2
1D,0,0,434,4,4
1E&1I&6B&6F,0,0,0,0,0
1F&1J&1L,0,0,549,4,4
1G,0,0,309,1,1
1K&2K,0,0,575,6,6
1M,1,1,496,9,9
2A,0,0,411,5,5
2B,0,0,403,6,6
2C&3G&3L&45,0,0,611,6,6
2D,0,0,636,8,8
2F&2G,0,0,599,9,9
2H,0,0,608,7,7
,For Associate Commissioner District 2,,For Assessor,,
,VOTE FOR 1,,VOTE FOR 1,,
,40 of 42 Precincts Reporting,,77 of 79 Precincts Reporting,,
,Write-in Totals,Write-in: Not Assigned,DEM KENNETH (KENNY) M. MOHR,Write-in Totals,Write-in: Not Assigned
2I,0,0,649,5,5
2J,0,0,335,3,3
2L&20,0,0,334,6,6
3A,0,0,699,12,12
3B,0,0,402,2,2
3C,0,0,598,6,6
3D,0,0,594,5,5
3E&3H&3M,0,0,832,3,3
3F&3N,1,1,790,15,15
3I&3J,0,0,467,7,7
4A&4J,0,0,617,5,5
4B,0,0,525,6,6
4C,0,0,282,5,5
4D,0,0,240,2,2
4E,0,0,560,9,9
,For Associate Commissioner District 2,,For Assessor,,
,VOTE FOR 1,,VOTE FOR 1,,
,40 of 42 Precincts Reporting,,77 of 79 Precincts Reporting,,
,Write-in Totals,Write-in: Not Assigned,DEM KENNETH (KENNY) M. MOHR,Write-in Totals,Write-in: Not Assigned
4F&4I&5A,0,0,440,2,2
4G&37,0,0,458,5,5
4H&4N,0,0,473,2,2
4K,0,0,375,9,9
4L,0,0,465,6,6
4M,0,0,451,6,6
5B,0,0,396,3,3
5C&44,0,0,472,6,6
5D,0,0,465,8,8
5E&5P,0,0,585,13,13
5F,0,0,528,5,5
5G&5I&5M,0,0,422,3,3
5H,0,0,373,4,4
5J,0,0,572,7,7
5K,0,0,565,8,8
,For Associate Commissioner District 2,,For Assessor,,
,VOTE FOR 1,,VOTE FOR 1,,
,40 of 42 Precincts Reporting,,77 of 79 Precincts Reporting,,
,Write-in Totals,Write-in: Not Assigned,DEM KENNETH (KENNY) M. MOHR,Write-in Totals,Write-in: Not Assigned
5N&36,0,0,667,12,12
6A,0,0,480,7,7
6C&6H,2,2,711,8,8
6D&28,0,0,460,5,5
6E&6M,2,2,648,12,12
6G,0,0,635,4,4
6I&6L,0,0,347,6,6
6J&34,0,0,928,17,17
6K,0,0,342,4,4
07,0,0,727,14,14
08,1,1,610,12,12
09&11,0,0,671,16,16
10&12,1,1,681,13,13
15&40,0,0,643,6,6
16,0,0,576,13,13
,For Associate Commissioner District 2,,For Assessor,,
,VOTE FOR 1,,VOTE FOR 1,,
,40 of 42 Precincts Reporting,,77 of 79 Precincts Reporting,,
,Write-in Totals,Write-in: Not Assigned,DEM KENNETH (KENNY) M. MOHR,Write-in Totals,Write-in: Not Assigned
17,0,0,565,9,9
18&19,0,0,446,13,13
21,0,0,481,4,4
22,0,0,533,7,7
23&24,1,1,646,8,8
25,1,1,235,6,6
26,0,0,487,3,3
27,0,0,602,12,12
29,0,0,292,2,2
30,0,0,600,14,14
31&42,0,0,"1,024",24,24
32&35&43,0,0,676,8,8
33,0,0,397,5,5
38,0,0,626,6,6
39,0,0,625,8,8
,For Associate Commissioner District 2,,For Assessor,,
,VOTE FOR 1,,VOTE FOR 1,,
,40 of 42 Precincts Reporting,,77 of 79 Precincts Reporting,,
,Write-in Totals,Write-in: Not Assigned,DEM KENNETH (KENNY) M. MOHR,Write-in Totals,Write-in: Not Assigned
41,0,0,473,4,4
ABSENTEE INTRASTATE,0,0,0,0,0
ABSENTEE INTERSTATE,0,0,0,0,0
ABSENTEE,4,4,"21,908",59,59
FEDERAL STATE,0,0,0,0,0
CENTRAL,1,1,780,11,11
CENTRAL 2,0,0,"1,942",16,16
Totals,15,15,"63,781",616,616
,For County Treasurer,,,For Public Administrator,,,For Sheriff,,,,MISSOURI SUPREME COURT JUDGE,,"MISSOURI COURT OF APPEALS JUDGE, WESTERN DISTRICT",
,VOTE FOR 1,,,VOTE FOR 1,,,VOTE FOR 1,,,,VOTE FOR 1,,VOTE FOR 1,
,77 of 79 Precincts Reporting,,,77 of 79 Precincts Reporting,,,77 of 79 Precincts Reporting,,,,79 of 81 Precincts Reporting,,77 of 79 Precincts Reporting,
,DEM TOM DARROUGH,Write-in Totals,Write-in: Not Assigned,DEM SONJA BOONE,Write-in Totals,Write-in: Not Assigned,REP CHARLES BLAIR,DEM DWAYNE CAREY,Write-in Totals,Write-in: Not Assigned,YES,NO,YES,NO
1A,273,3,3,274,3,3,52,255,2,2,172,113,136,145
1B,0,0,0,0,0,0,0,0,0,0,0,0,0,0
1C,443,2,2,444,2,2,82,410,2,2,294,124,243,169
1D,429,3,3,433,3,3,66,414,1,1,293,133,263,162
1E&1I&6B&6F,0,0,0,0,0,0,0,0,0,0,0,0,0,0
1F&1J&1L,547,4,4,546,7,7,161,511,1,1,402,165,355,205
1G,309,1,1,308,1,1,73,276,0,0,215,86,193,102
1K&2K,573,6,6,569,8,8,304,503,0,0,588,129,563,144
1M,497,7,7,496,8,8,183,398,0,0,374,111,319,151
2A,404,5,5,411,5,5,147,376,2,2,358,93,316,127
2B,403,6,6,398,6,6,170,338,0,0,350,102,323,121
2C&3G&3L&45,613,4,4,604,5,5,319,514,1,1,543,185,518,202
2D,634,8,8,632,7,7,309,562,2,2,556,166,514,196
2F&2G,593,8,8,597,7,7,318,512,1,1,546,180,529,184
2H,605,8,8,599,7,7,241,525,0,0,503,168,474,186
,For County Treasurer,,,For Public Administrator,,,For Sheriff,,,,MISSOURI SUPREME COURT JUDGE,,"MISSOURI COURT OF APPEALS JUDGE, WESTERN DISTRICT",
,VOTE FOR 1,,,VOTE FOR 1,,,VOTE FOR 1,,,,VOTE FOR 1,,VOTE FOR 1,
,77 of 79 Precincts Reporting,,,77 of 79 Precincts Reporting,,,77 of 79 Precincts Reporting,,,,79 of 81 Precincts Reporting,,77 of 79 Precincts Reporting,
,DEM TOM DARROUGH,Write-in Totals,Write-in: Not Assigned,DEM SONJA BOONE,Write-in Totals,Write-in: Not Assigned,REP CHARLES BLAIR,DEM DWAYNE CAREY,Write-in Totals,Write-in: Not Assigned,YES,NO,YES,NO
2I,639,7,7,642,6,6,330,557,0,0,602,176,584,183
2J,334,2,2,332,2,2,142,260,1,1,271,108,252,124
2L&20,329,5,5,333,4,4,246,311,0,0,371,99,365,99
3A,689,13,13,691,12,12,350,589,3,3,630,205,586,236
3B,402,1,1,402,1,1,124,353,0,0,276,136,245,161
3C,583,6,6,589,6,6,225,502,0,0,481,172,458,191
3D,592,5,5,598,4,4,158,546,0,0,412,180,333,248
3E&3H&3M,828,4,4,833,4,4,426,716,1,1,769,209,717,243
3F&3N,785,14,14,788,13,13,426,654,3,3,688,257,641,286
3I&3J,466,6,6,461,7,7,266,368,1,1,431,128,405,144
4A&4J,615,5,5,614,5,5,265,573,2,2,537,150,488,178
4B,523,5,5,519,4,4,318,469,0,0,535,125,511,133
4C,284,4,4,279,4,4,102,264,0,0,250,66,228,83
4D,237,2,2,238,1,1,54,234,1,1,187,56,156,80
4E,560,7,7,555,9,9,201,512,2,2,461,137,400,176
,For County Treasurer,,,For Public Administrator,,,For Sheriff,,,,MISSOURI SUPREME COURT JUDGE,,"MISSOURI COURT OF APPEALS JUDGE, WESTERN DISTRICT",
,VOTE FOR 1,,,VOTE FOR 1,,,VOTE FOR 1,,,,VOTE FOR 1,,VOTE FOR 1,
,77 of 79 Precincts Reporting,,,77 of 79 Precincts Reporting,,,77 of 79 Precincts Reporting,,,,79 of 81 Precincts Reporting,,77 of 79 Precincts Reporting,
,DEM TOM DARROUGH,Write-in Totals,Write-in: Not Assigned,DEM SONJA BOONE,Write-in Totals,Write-in: Not Assigned,REP CHARLES BLAIR,DEM DWAYNE CAREY,Write-in Totals,Write-in: Not Assigned,YES,NO,YES,NO
4F&4I&5A,434,2,2,432,2,2,123,403,1,1,351,79,310,107
4G&37,460,5,5,455,4,4,189,446,0,0,439,98,396,128
4H&4N,481,1,1,474,1,1,226,491,1,1,469,134,447,145
4K,374,8,8,372,8,8,250,306,1,1,373,102,358,103
4L,466,4,4,466,4,4,213,423,0,0,436,112,415,127
4M,450,6,6,436,6,6,233,433,1,1,446,110,427,126
5B,397,3,3,390,3,3,264,338,1,1,411,106,398,108
5C&44,478,5,5,466,7,7,223,410,0,0,410,124,377,147
5D,468,7,7,458,6,6,233,392,1,1,439,91,402,124
5E&5P,604,10,10,584,9,9,375,588,0,0,677,129,638,153
5F,527,4,4,515,5,5,294,478,0,0,523,132,497,147
5G&5I&5M,436,2,2,421,2,2,296,397,0,0,479,93,470,93
5H,375,4,4,368,4,4,200,347,0,0,385,92,357,111
5J,564,7,7,569,7,7,205,504,3,3,460,155,415,190
5K,571,10,10,554,8,8,362,495,0,0,575,140,571,139
,For County Treasurer,,,For Public Administrator,,,For Sheriff,,,,MISSOURI SUPREME COURT JUDGE,,"MISSOURI COURT OF APPEALS JUDGE, WESTERN DISTRICT",
,VOTE FOR 1,,,VOTE FOR 1,,,VOTE FOR 1,,,,VOTE FOR 1,,VOTE FOR 1,
,77 of 79 Precincts Reporting,,,77 of 79 Precincts Reporting,,,77 of 79 Precincts Reporting,,,,79 of 81 Precincts Reporting,,77 of 79 Precincts Reporting,
,DEM TOM DARROUGH,Write-in Totals,Write-in: Not Assigned,DEM SONJA BOONE,Write-in Totals,Write-in: Not Assigned,REP CHARLES BLAIR,DEM DWAYNE CAREY,Write-in Totals,Write-in: Not Assigned,YES,NO,YES,NO
5N&36,684,11,11,664,11,11,402,564,0,0,673,142,643,160
6A,476,6,6,479,5,5,168,397,3,3,350,130,288,180
6C&6H,710,10,10,706,9,9,290,668,1,1,612,184,542,232
6D&28,465,5,5,457,4,4,275,371,1,1,450,114,419,138
6E&6M,648,11,11,647,11,11,281,551,2,2,541,178,502,203
6G,634,5,5,634,4,4,220,536,0,0,490,161,435,210
6I&6L,348,4,4,346,5,5,121,286,2,2,233,124,218,139
6J&34,917,15,15,910,11,11,578,801,1,1,996,226,951,244
6K,340,2,2,343,3,3,124,276,0,0,255,104,215,138
07,708,14,14,693,12,12,650,595,1,1,888,181,886,167
08,591,11,11,589,11,11,561,458,1,1,705,179,710,166
09&11,658,14,14,654,15,15,648,487,0,0,790,217,803,194
10&12,673,14,14,669,13,13,601,448,0,0,740,209,747,190
15&40,632,8,8,626,8,8,537,505,0,0,711,183,712,174
16,570,13,13,573,12,12,482,497,1,1,664,170,677,147
,For County Treasurer,,,For Public Administrator,,,For Sheriff,,,,MISSOURI SUPREME COURT JUDGE,,"MISSOURI COURT OF APPEALS JUDGE, WESTERN DISTRICT",
,VOTE FOR 1,,,VOTE FOR 1,,,VOTE FOR 1,,,,VOTE FOR 1,,VOTE FOR 1,
,77 of 79 Precincts Reporting,,,77 of 79 Precincts Reporting,,,77 of 79 Precincts Reporting,,,,79 of 81 Precincts Reporting,,77 of 79 Precincts Reporting,
,DEM TOM DARROUGH,Write-in Totals,Write-in: Not Assigned,DEM SONJA BOONE,Write-in Totals,Write-in: Not Assigned,REP CHARLES BLAIR,DEM DWAYNE CAREY,Write-in Totals,Write-in: Not Assigned,YES,NO,YES,NO
17,561,10,10,556,9,9,460,441,0,0,641,150,632,148
18&19,439,12,12,432,12,12,317,429,0,0,518,99,499,101
21,479,2,2,480,3,3,222,405,0,0,401,143,389,146
22,535,5,5,530,5,5,322,418,0,0,507,158,490,171
23&24,637,10,10,635,9,9,462,562,1,1,708,176,698,180
25,232,5,5,231,5,5,159,214,1,1,260,59,259,56
26,490,4,4,476,5,5,279,445,0,0,481,134,452,154
27,618,11,11,607,10,10,334,566,0,0,614,141,589,153
29,291,2,2,287,2,2,195,266,0,0,294,81,271,99
30,595,12,12,595,9,9,495,483,0,0,680,159,656,159
31&42,"1,015",24,24,"1,007",20,20,956,831,0,0,"1,261",263,"1,246",268
32&35&43,673,8,8,660,9,9,602,542,0,0,818,175,813,171
33,391,5,5,398,5,5,197,341,0,0,352,121,330,141
38,625,5,5,612,5,5,418,555,0,0,645,173,625,182
39,613,5,5,608,4,4,526,510,1,1,748,132,729,131
,For County Treasurer,,,For Public Administrator,,,For Sheriff,,,,MISSOURI SUPREME COURT JUDGE,,"MISSOURI COURT OF APPEALS JUDGE, WESTERN DISTRICT",
,VOTE FOR 1,,,VOTE FOR 1,,,VOTE FOR 1,,,,VOTE FOR 1,,VOTE FOR 1,
,77 of 79 Precincts Reporting,,,77 of 79 Precincts Reporting,,,77 of 79 Precincts Reporting,,,,79 of 81 Precincts Reporting,,77 of 79 Precincts Reporting,
,DEM TOM DARROUGH,Write-in Totals,Write-in: Not Assigned,DEM SONJA BOONE,Write-in Totals,Write-in: Not Assigned,REP CHARLES BLAIR,DEM DWAYNE CAREY,Write-in Totals,Write-in: Not Assigned,YES,NO,YES,NO
41,469,5,5,463,6,6,256,396,0,0,444,130,416,152
ABSENTEE INTRASTATE,0,0,0,0,0,0,0,0,0,0,8,2,0,0
ABSENTEE INTERSTATE,0,0,0,0,0,0,0,0,0,0,0,0,0,0
ABSENTEE,"21,834",65,65,"21,778",59,59,"5,580","21,264",25,25,"18,085","5,010","15,875","6,632"
FEDERAL STATE,0,0,0,0,0,0,0,0,0,0,6,0,0,0
CENTRAL,777,9,9,774,11,11,231,733,2,2,607,209,540,261
CENTRAL 2,"1,929",17,17,"1,928",13,13,747,"1,537",1,1,"1,360",432,"1,167",567
Totals,"63,531",588,588,"63,192",562,562,"28,440","57,331",79,79,"57,504","16,105","53,017","19,161"
,CONSTITUTIONAL AMENDMENT NO. 1,
,VOTE FOR 1,
,79 of 81 Precincts Reporting,
,YES,NO
1A,115,195
1B,0,0
1C,197,315
1D,205,276
1E&1I&6B&6F,0,0
1F&1J&1L,271,396
1G,140,205
1K&2K,377,422
1M,238,322
2A,238,301
2B,227,271
2C&3G&3L&45,379,450
2D,411,443
2F&2G,390,433
2H,363,394
2I,418,454
,CONSTITUTIONAL AMENDMENT NO. 1,
,VOTE FOR 1,
,79 of 81 Precincts Reporting,
,YES,NO
2J,177,230
2L&20,257,285
3A,444,494
3B,194,275
3C,321,400
3D,293,413
3E&3H&3M,519,629
3F&3N,496,566
3I&3J,295,338
4A&4J,369,450
4B,385,396
4C,179,192
4D,132,162
4E,318,395
4F&4I&5A,232,293
4G&37,296,335
,CONSTITUTIONAL AMENDMENT NO. 1,
,VOTE FOR 1,
,79 of 81 Precincts Reporting,
,YES,NO
4H&4N,337,364
4K,274,283
4L,324,304
4M,312,349
5B,280,313
5C&44,313,320
5D,276,339
5E&5P,465,494
5F,385,383
5G&5I&5M,355,324
5H,252,299
5J,317,394
5K,424,414
5N&36,438,510
6A,246,330
6C&6H,439,525
,CONSTITUTIONAL AMENDMENT NO. 1,
,VOTE FOR 1,
,79 of 81 Precincts Reporting,
,YES,NO
6D&28,302,340
6E&6M,368,469
6G,338,412
6I&6L,144,260
6J&34,651,709
6K,170,228
07,609,594
08,511,492
09&11,544,570
10&12,498,536
15&40,499,529
16,513,450
17,428,456
18&19,392,348
21,311,327
22,339,394
,CONSTITUTIONAL AMENDMENT NO. 1,
,VOTE FOR 1,
,79 of 81 Precincts Reporting,
,YES,NO
23&24,456,548
25,196,178
26,348,377
27,458,428
29,205,244
30,467,491
31&42,896,865
32&35&43,591,551
33,226,309
38,484,453
39,561,460
41,295,345
ABSENTEE INTRASTATE,3,7
ABSENTEE INTERSTATE,0,0
ABSENTEE,"12,200","14,621"
FEDERAL STATE,4,2
,CONSTITUTIONAL AMENDMENT NO. 1,
,VOTE FOR 1,
,79 of 81 Precincts Reporting,
,YES,NO
CENTRAL,404,552
CENTRAL 2,889,"1,319"
Totals,"39,613","45,539"
,CONSTITUTIONAL AMENDMENT NO. 3,,QUESTION 1 City of Centralia,,QUESTION 2 City of Centralia,,QUESTION #1 City of Hallsville,
,VOTE FOR 1,,VOTE FOR 1,,VOTE FOR 1,,VOTE FOR 1,
,79 of 81 Precincts Reporting,,5 of 5 Precincts Reporting,,5 of 5 Precincts Reporting,,5 of 5 Precincts Reporting,
,YES,NO,YES,NO,YES,NO,YES,NO
1A,98,225,0,0,0,0,0,0
1B,0,0,0,0,0,0,0,0
1C,115,422,0,0,0,0,0,0
1D,165,326,0,0,0,0,0,0
1E&1I&6B&6F,0,0,0,0,0,0,0,0
1F&1J&1L,230,455,0,0,0,0,0,0
1G,100,257,0,0,0,0,0,0
1K&2K,360,459,0,0,0,0,0,0
1M,257,319,0,0,0,0,0,0
2A,169,389,0,0,0,0,0,0
2B,184,327,0,0,0,0,0,0
2C&3G&3L&45,360,484,0,0,0,0,0,0
2D,365,508,0,0,0,0,0,0
2F&2G,351,498,0,0,0,0,0,0
2H,345,420,0,0,0,0,0,0
2I,403,494,0,0,0,0,0,0
,CONSTITUTIONAL AMENDMENT NO. 3,,QUESTION 1 City of Centralia,,QUESTION 2 City of Centralia,,QUESTION #1 City of Hallsville,
,VOTE FOR 1,,VOTE FOR 1,,VOTE FOR 1,,VOTE FOR 1,
,79 of 81 Precincts Reporting,,5 of 5 Precincts Reporting,,5 of 5 Precincts Reporting,,5 of 5 Precincts Reporting,
,YES,NO,YES,NO,YES,NO,YES,NO
2J,167,240,0,0,0,0,0,0
2L&20,268,288,0,0,0,0,0,0
3A,426,516,0,0,0,0,0,0
3B,163,324,0,0,0,0,0,0
3C,324,406,0,0,0,0,0,0
3D,170,545,0,0,0,0,0,0
3E&3H&3M,481,682,0,0,0,0,0,0
3F&3N,447,635,0,0,0,0,0,0
3I&3J,259,384,0,0,0,0,0,0
4A&4J,329,516,0,0,0,0,0,0
4B,361,438,0,0,0,0,0,0
4C,118,269,0,0,0,0,0,0
4D,74,231,0,0,0,0,0,0
4E,240,483,0,0,0,0,0,0
4F&4I&5A,143,403,0,0,0,0,0,0
4G&37,210,430,0,0,0,0,0,0
,CONSTITUTIONAL AMENDMENT NO. 3,,QUESTION 1 City of Centralia,,QUESTION 2 City of Centralia,,QUESTION #1 City of Hallsville,
,VOTE FOR 1,,VOTE FOR 1,,VOTE FOR 1,,VOTE FOR 1,
,79 of 81 Precincts Reporting,,5 of 5 Precincts Reporting,,5 of 5 Precincts Reporting,,5 of 5 Precincts Reporting,
,YES,NO,YES,NO,YES,NO,YES,NO
4H&4N,266,465,0,0,0,0,0,0
4K,274,293,0,0,0,0,0,0
4L,258,385,0,0,0,0,0,0
4M,305,373,0,0,0,0,0,0
5B,301,298,0,0,0,0,0,0
5C&44,244,395,0,0,0,0,0,0
5D,271,352,0,0,0,0,0,0
5E&5P,475,512,0,0,0,0,0,0
5F,344,452,0,0,0,0,0,0
5G&5I&5M,345,353,0,0,0,0,0,0
5H,213,347,0,0,0,0,0,0
5J,285,445,0,0,0,0,0,0
5K,431,432,0,0,0,0,0,0
5N&36,459,513,0,0,0,0,0,0
6A,217,375,0,0,0,0,0,0
6C&6H,334,652,0,0,0,0,0,0
,CONSTITUTIONAL AMENDMENT NO. 3,,QUESTION 1 City of Centralia,,QUESTION 2 City of Centralia,,QUESTION #1 City of Hallsville,
,VOTE FOR 1,,VOTE FOR 1,,VOTE FOR 1,,VOTE FOR 1,
,79 of 81 Precincts Reporting,,5 of 5 Precincts Reporting,,5 of 5 Precincts Reporting,,5 of 5 Precincts Reporting,
,YES,NO,YES,NO,YES,NO,YES,NO
6D&28,301,350,0,0,0,0,0,0
6E&6M,339,510,0,0,0,0,0,0
6G,292,467,0,0,0,0,0,0
6I&6L,159,254,0,0,0,0,0,0
6J&34,685,685,0,0,0,0,0,0
6K,176,229,0,0,0,0,0,0
07,704,516,0,0,0,0,0,0
08,611,409,0,0,0,0,0,0
09&11,736,405,295,387,329,374,0,0
10&12,614,441,341,702,434,636,0,0
15&40,550,504,0,0,0,0,0,0
16,615,366,0,0,0,0,124,143
17,470,436,0,0,0,0,0,0
18&19,389,357,0,0,0,0,0,0
21,230,408,0,0,0,0,0,0
22,363,380,0,0,0,0,0,0
,CONSTITUTIONAL AMENDMENT NO. 3,,QUESTION 1 City of Centralia,,QUESTION 2 City of Centralia,,QUESTION #1 City of Hallsville,
,VOTE FOR 1,,VOTE FOR 1,,VOTE FOR 1,,VOTE FOR 1,
,79 of 81 Precincts Reporting,,5 of 5 Precincts Reporting,,5 of 5 Precincts Reporting,,5 of 5 Precincts Reporting,
,YES,NO,YES,NO,YES,NO,YES,NO
23&24,543,489,0,0,0,0,0,0
25,205,173,0,0,0,0,0,0
26,344,389,0,0,0,0,0,0
27,431,467,0,0,0,0,0,0
29,237,221,0,0,0,0,0,0
30,540,431,0,0,0,0,0,0
31&42,"1,020",782,0,0,0,0,0,0
32&35&43,663,494,0,0,0,0,0,0
33,229,316,0,0,0,0,0,0
38,502,450,0,0,0,0,0,0
39,626,403,0,0,0,0,138,221
41,296,354,0,0,0,0,0,0
ABSENTEE INTRASTATE,3,6,0,0,0,0,0,0
ABSENTEE INTERSTATE,0,0,0,0,0,0,0,0
ABSENTEE,"9,042","18,188",137,164,140,168,47,54
FEDERAL STATE,3,3,0,0,0,0,0,0
,CONSTITUTIONAL AMENDMENT NO. 3,,QUESTION 1 City of Centralia,,QUESTION 2 City of Centralia,,QUESTION #1 City of Hallsville,
,VOTE FOR 1,,VOTE FOR 1,,VOTE FOR 1,,VOTE FOR 1,
,79 of 81 Precincts Reporting,,5 of 5 Precincts Reporting,,5 of 5 Precincts Reporting,,5 of 5 Precincts Reporting,
,YES,NO,YES,NO,YES,NO,YES,NO
CENTRAL,382,609,4,5,5,4,1,3
CENTRAL 2,929,"1,395",0,2,1,2,1,0
Totals,"35,933","50,902",777,"1,260",909,"1,184",311,421
